BRA,Summary
Yes,[68cat] Behavioral inconsistency and accessibility of output pane tabs
Yes,[a11y] Commit dialog has poor accessibility
Yes,Properties Window needs accessibility work (let user configure colors)
Yes,NullPointerException at org.accessibility.windows.GeneralPanel.loadEngineVoices
Yes,"Bad accessibility in ""Pin Tab"" window"
Yes,jaws installation accessibility issue
Yes,A11Y: Plugins form should conform to accessibility/JLF requirements
Yes,accessibility issues in CVS import dialog
Yes,a11y: accessibility problems in the `WAR Contents` dialog
Yes,FTP WSDL wizard for FTP configurations shows accessibility issues
Yes,[A11Y] No accessibility descriptions in NBPM|Harness panel
Yes,Run Ant Target dialog's accessibility improvement needed
Yes,"Bad accessibility in ""Introduce Function"" window"
Yes,[encapsulate field] wrong accessibility evaluation
Yes,"Minor accessibility problems in ""Name and Location"" panel of New Project wizard"
Yes,Minor accessibility problems in Message dialog
Yes,"Minor accessibility problems in ""Name and Location"" panel of new Mvn NB Platform App wizard"
Yes,"Minor accessibility problems in ""Add Repository"" dialog"
Yes,Minor accessibility problem in Add Library dialog
Yes,[GUI Forms/Template Forms] should conform to accessibility/JLF requirements
Yes,accessibility issues in the dialog Contents
Yes,No KB accessibility in Fix Imports resolution dialog
Yes,Add method window accessibility issues
Yes,Find dialog (Date) accessibility issues
Yes,[a11y] missing mnemonics and accessibility name/description
Yes,[a11y] Inspector window doesn't implement all requirements for accessibility
Yes,NB FXD composer is missing accessibility
Yes,NoSuchMethodError: javax.accessibility.AccessibleContext.setAccessibleParent(Ljavax/accessibility/Accessible;)V
Yes,Profiler throws exceptions when using accessibility bridge/screen readers
Yes,A11Y: accessibility to select page in PFE does not work
Yes,Autocomment window accessibility issues
Yes,Javadoc Index Search view accessibility review
Yes,[A11Y] Downloaded tab: minor accessibility problems
Yes,[A11Y] Settings tab: minor accessibility problems
Yes,A11Y - View Artifact Details window accessibility issues
Yes,[A11Y] New Entity Bean wizard accessibility issues
Yes,"It's not possible to define accessibility description containing commas, in the input descriptor."
Yes,Missing accessibility names and descs in new project wizard
Yes,KB accessibility lost for navigator
Yes,Mnemonic conflict in FTP Poll Request wizard screen(accessibility issue)
Yes,[Introduce parameter] Check for parameter accessibility
Yes,[A11Y] Updates tab: minor accessibility problems
Yes,Property window missing accessibility issues
Yes,Still more color accessibility work needed
Yes,accessibility issues in Todo window
Yes,verifier color use may have accessibility issues...
Yes,"Minor accessibility problems in ""Maven Archetype"" panel of New Project wizard"
Yes,Javadoc comment dialog accessibility issues
Yes,[push down method] introduces behavioral change: enables overloading + accessibility
Yes,[pull up method] introduces behavioral change: change accessibility
Yes,[pull up method] introduces behavioral change: change accessibility + super
Yes,[A11Y] 'Web Project Properties > Frameworks' panel accessibility issues
Yes,[Change Method Parameters] Change accessibility - Cannot reduce the visibility of the inherited method from [T] (compilation error)
Yes,KB accessibility of suggestion lists?
Yes,[A11Y] WS Designer accessibility missing
Yes,New Tag dialog accessibility issues
Yes,Javadoc index search accessibility issues
Yes,Javadoc Analyzer view accessibility problems
Yes,Javadoc View accessibility problems
Yes,Members dialog accessibility report
Yes,A11Y: minor accessibility problem of module manager window
Yes,A11Y - Warning dialog - missing accessibility features
Yes,[A11Y] 'Set Database Location' dialog accessibility issues
Yes,[A11Y] 'Create Derby Database' dialog accessibility issues
Yes,A11Y - no keyboard accessibility within Welcome windows
Yes,a11y: accessibility problems in the `Auto Comment Tool` window
Yes,a11y: accessibility problems in the `Add New Tag` dialog
Yes,a11y: accessibility problems in the `Tag Library Customizer [newTaglib]` dialog
Yes,A11Y: Background Color dialog has accessibility issues
Yes,WSDL first page of wizard shows accessibility problems
Yes,[A11Y] Create Derby Database dialog accessibility issue
Yes,a11y: accessibility issues in the panel Specify Jar Contents
Yes,Choose URL dialog accessibility issues
Yes,[a11y] ACTIONS: Action editor doesn't implement all requirements for accessibility
Yes,[a11y] ACTIONS: Application Action Editor doesn't implement all requirements for accessibility
Yes,[a11y] Code customizer doesn't implement all requirements for accessibility
Yes,[a11y] wizard for JDA - card Name and Location doesn't implement all requirements for accessibility
Yes,[a11y] Table customizer dialog doesn't implement all requirements for accessibility
Yes,[a11y] Binding dialog doesn't implement all requirements for accessibility
Yes,[a11y] Editor for jSpinner model doesn't implement all requirements for accessibility
Yes,[a11y] ACTIONS: Action editor doesn't implement all requirements for accessibility
Yes,[a11y] Table customizer dialog doesn't implement all requirements for accessibility
Yes,[a11y] wizard for JDA - Master Table doesn't implement all requirements for accessibility
Yes,[a11y] Editor for formatted factory doesn't implement all requirements for accessibility
Yes,[a11y] model editor for JTable doesn't implement full accessibility
Yes,Missing accessibility information for Profiler and Snapshots windows
Yes,A11Y: accessibility problem of Change Visible Columns dialog
Yes,"A11Y: accessibility problems of ""Uninstalling module"" dialog"
Yes,[a11y] jUnit dialogs accessibility issues
Yes,a11y: New Binding dialog is missing accessibility info
Yes,"[accessibility] ""src/java"" does not exist"
Yes,[accessibility] HTTP 404 error in form example
Yes,[accessibility] navigational link
Yes,[A11Y] WSIT Configuration accessibility problems
Yes,[a11y] Replace dialog doesn't implement all requirements for accessibility
Yes,[A11Y] Access manager accessibility problems
Yes,[A11Y] AM Security accessibility problems
Yes,[a11y] Find Dialog doesn't implement all requirements for accessibility
Yes,[A11Y] 'New Web Application > Frameworks' panel accessibility issues
Yes,[A11Y] 'struts-config.xml > Add Action' dialog accessibility issues
Yes,[A11Y] 'struts-config.xml > Add Exception' dialog accessibility issues
Yes,[A11Y] 'struts-config.xml > Add FI Action' dialog accessibility issues
Yes,[A11Y] 'struts-config.xml > Add Form Bean' dialog accessibility issues
Yes,[A11Y] 'struts-config.xml > Add Form Property' dialog accessibility issues
Yes,[A11Y] 'struts-config.xml > Add Forward' dialog accessibility issues
Yes,[A11Y] 'struts-config.xml > Browse Files' dialog accessibility issues
Yes,[A11Y] 'New Struts Action > Name and Location' panel accessibility issues
Yes,[A11Y] 'New Struts Action > Form Bean' panel accessibility issues
Yes,[A11Y] 'New Struts Form Bean' panel accessibility issues
Yes,a11y: ContiguousOrder Property Editor missing accessibility info
Yes,a11y: Gap Window Property Editor is missing accessibility info
Yes,"a11y: New Processor, New File dialog is missing accessibility info"
Yes,a11y: Notification Stream Property Editor missing accessibility info
Yes,a11y: Stream Input Property Editor missing accessibility editor
Yes,a11y: Stream Output Property Editor dialog missing accessibility info
Yes,a11y: Stream Projection and Filter Property Editor dialog missing accessibility info
Yes,a11y: Table Input Property Editor dialog is missing accessibility info
Yes,a11y: Time Based Window Properties Editor dialog missing accessibility info
Yes,a11y: Table Output Property Editor is missing accessibility info
Yes,a11y: Batched Stream Output Property Editor is missing accessibility info
Yes,a11y: Relation Output Property Editor is missing accessibility info
Yes,a11y: Time Based Aggregator Property Editor is missing accessibility info
Yes,a11y: ExternalTablePollingStream Property dialog and Select Table wizard are missing accessibility info
Yes,a11y: InvokeStream Select Stream Input dialog missing accessibility info and can't select item without mouse.
Yes,a11y: Minus property dialog missing accessibility info
Yes,a11y: ReplayStream property dialog and Select Table wizard missing accessibility info
Yes,a11y: Stream Input Select Schema dialog is missing accessibility info
Yes,Promote Pattern to Design Center has controls without accessibility descriptions and names
Yes,a11y: Mapper accessibility issues
Yes,Impossible change properties in Javadoc Manager by keyboard [ was: Javadoc Manager accessibility issues]
Yes,Auto comment tool accessibility issues
Yes,[a11y] Missing accessibility parameters in Specify Root Methods dialog
Yes,Project manager accessibility issues
Yes,Select Objects dialog accessibility issues
Yes,Navigator accessibility
Yes,Provide accessibility in profiler
Yes,Options window accessibility
Yes,scripting docs need small accessibility fixes
Yes,doc accessibility bug; bad links
Yes,"No accessibility of checkbox ""Global"""
Yes,"accessibility , ctrl + tab"
Yes,BiIconEditor: NbDialog does not have accessibility description
Yes,Filter dialog accessibility issues
Yes,Contents property editor has accessibility issues
Yes,Manifest property editor has accessibility issues
Yes,Compression Level property editor accessibility issues
Yes,Specify JAR Recipe Contents wizard has several accessibility problems
Yes,accessibility: in content wizard or property sheet editor the file tree won't be navigated if initially unselected
Yes,"Broken accessibility of ""Select a directory"" dialog"
Yes,Change Visible Columns dialog has accessibility bugs
Yes,[a11y] Missing accessibility parameters in Specify Code Fragment dialog
Yes,Project Properties accessibility
Yes,ResultViewTopComponent - not accessibility
Yes,No KB accessibility of prop values in TreeTableView
Yes,a11y: accessibility issues in the panel Basic Recipe Properties
Yes,[A11Y] New Plugins tab: minor accessibility problems
Yes,[A11Y] Installed tab: minor accessibility problems
Yes,"No accessibility of checkbox ""Global"""
Yes,"No accessibility of checkbox ""Global"""
Yes,a11y: accessibility problems in the Find in Files dialog
Yes,a11y: Relation Aggregator Property Editor is missing accessibility info
Yes,ALL: Common accessibility problems on all command dialogs.
Yes,TabControl - not accessibility
Yes,StatusLine - not accessibility
Yes,[accessibility] Pages should have the same layout
Yes,Bad keyboard accessibility in tablesheet view
Yes,Interface members do not display proper accessibility status when properties are explored.
Yes,Objects panel - no indicators of public/protected/... accessibility.
Yes,Set Project Main Class accessibility issues
Yes,Need to add warning about runtime's disability wrt attributes types
Yes,[a11y] Insert Code is not accessible using the Voice Over screen reader
Yes,[a11y] ?...?-buttons are named in a way that is not accessible to users of screen readers
Yes,[a11y] Spinner elements are not accessible to users of the Voice Over screen reader
Yes,Netbeans not working with JAWS screen reader
Yes,Profiler throws exceptions when using accessibility bridge/screen readers
Yes,MainMenu is not accessible for screen reader
Yes,Tutorial uselessness during screen reader test
Yes,"CVS Mount Wizard - focus / screen reader access to left area, title and helptext"
Yes,"Access is denied. '127.0.0.1' is not recognized as an internal or external command, operable program or batch file."
Yes,Netbeans 4.1 with SAS 8.1 on MacOS X is misconfigured and the AS and PointBase database are inoperable...
Yes,"Maven 3.3.1: ""%M2_HOME%\bin\mvn.bat is not recognized as an internal or external command, operable program or batch file"""
Yes,"127.0.0.1' is not recognized as an internal or external command, operable program or batch file."
Yes,"""cordova.cmd""' is not recognized as an internal or external command, operable program or batch file."
Yes,"cannot start tomcat because '127.0.0.1' is not recognized as an internal or external command, operable program or batch file. tomcat only"
Yes,[60cat] Combo box in refactoring dialogs not operable with keyboard
Yes,operation level keystore/trustore dialogs inoperable
Yes,Message Auth Supporting Token Config inoperable
Yes,"There is no ""Packs"" subtitle."
Yes,"No logs appended for this issue. Just a little detail (think). When coding in java classes, IDE marks some errors in the project icon, but no erros are subtitled in the java class code."
Yes,Inconsistent title and subtitle of Web Project with Existing Sources
Yes,Steps text should match subtitles
Yes,[50cat] Use global netbeans actions for copy/save in transcript.
Yes,Mercurial history diff blindly compares unrelated changesets
Yes,"Attempting checkout of NB CVS ""all"" module causes blind failure"
Yes,[launchers]the launchers blindly uses lib/tools.jar and lib/dt.jar
Yes,XDM fails to merge venetian-blind schema back to salami-slice schema
Yes,Qt classes goes blind after inheritance
Yes,Right margin limit blindly enforced
Yes,run configuration -> remote web - missing labels
Yes,missing label in Close Branch dialog
Yes,[A11Y] missing label_for in new ws client wizard
Yes,Object Type nodes missing labels after switch to defaultDisplayName strategy
Yes,missing label of PK combo in ejb-jar.xml vis. editor
Yes,"Focus lost after addition ""non-visual"" bean to designed form by keyboard"
Yes,Form doesn't get rad components which are contained by non-visual ones.
Yes,IllegalArgumentException after add non-visual components to form
Yes,Adding Borders and Layouts to form as non-visual bean cause uncompile code is generated
Yes,FormEditor should visualize non-visual components somehow.
Yes,Test action for non-visual forms should be disabled
Yes,Add content description for catalog for update from 7.3 to 7.3.1 (=7.3 patch2)
No,Warning in low memory
No,Not Enough Memory to compile
No,unknown: LowPerformance took 55546 ms.
No,editor slow
No,FTP Upload slow on large project
No,Local Synchronisation Issues
No,unknown: LowPerformance took 36354 ms.
No,Problemas lentitud del sistema
No,OutOfMemoryError: GC overhead limit exceeded
No,unknown: LowPerformance took 120684 ms.
No,OutOfMemoryError: GC overhead limit exceeded
No,unknown: LowPerformance took 50652 ms.
No,unknown: LowPerformance took 20454 ms.
No,OutOfMemoryError: Java heap space
No,NullPointerException at org.netbeans.modules.form.CodeCustomizer.getSourcePositions
No,NullPointerException at org.netbeans.modules.form.layoutdesign.VisualState.updateCurrentSpaceOfComponents
No,JTable doesn't include date type
No,Inconsistent location for Java Swing FileChooser component in Palette
No,brief but notable pause when renaming a component
No,NullPointerException at org.netbeans.modules.form.layoutdesign.support.SwingLayoutBuilder.getIntervalAlignment
No,NullPointerException at org.netbeans.modules.form.layoutdesign.LayoutDesigner.updateContainerAfterResized
No,Feature request: Please add rulers and guides functionality to the jFrame design window
No,org.netbeans.api.project.ProjectManager$2.run: LowPerformance took 21225 ms.
No,Autocompletion and guibuilder forget to import class
No,"java.lang.IllegalStateException: javax.swing.JComboBox[,0,0,0x0,invalid,layout=com.sun.java.swing.plaf.windows.WindowsComboBoxUI$3,alignmentX=0.0,alignmentY=0.0,border=javax.swing.plaf.basic.BasicBord"
No,org.netbeans.api.project.ProjectManager.findProject: LowPerformance took 49967 ms.
No,Java GUI builder shows alignment lines in wrong place when editing subpanel  en Free
No,AssertionError at org.netbeans.modules.form.layoutdesign.LayoutAligner.hasAlignmentInParent
No,ClassCastException: javax.swing.GroupLayout$ParallelGroup cannot be cast to javax.swing.GroupLayout$SequentialGroup
No,Clicking cancel on the guideline colour picker does the same as clicking OK
No,Warning about missing zero-argument constructor in element should explain what's the reason for failure
No,AssertionError at org.netbeans.modules.form.layoutdesign.LayoutFeeder.checkNeighbor
No,Add a function to move nested windows to proper classes
No,The Palette Manager should be able to access jars found in the local maven repository.
No,NullPointerException at org.netbeans.modules.form.JavaCodeGenerator.generateComponentCreate
No,Add @Override annotation in code generation
No,NullPointerException at org.netbeans.modules.form.menu.KeyboardMenuNavigator.selectOffsetMenu
No,Wrong accelerator key icon in swing menu on OSX
No,NullPointerException at org.netbeans.modules.form.HandleLayer.getDeepestComponentsAt
No,"IllegalStateException: javax.swing.JTextField[,0,0,0x0,invalid,layout=javax.swing.plaf.basic.BasicTextUI$UpdateHandler,alignmentX=0.0,alignmentY=0.0,border=com.sun.java.swing.plaf.windows.XPStyle$XPFi"
No,Refactor doesn't work with NOT primitive type/ serialized form component property values
No,"Add ""Find usages"" function to components of GUI builder"
No,NullPointerException at java.awt.Container.addImpl
No,org.netbeans.modules.projectapi.nb.NbProjectManager$2.run: LowPerformance took 21382 ms.
No,IllegalArgumentException at org.netbeans.modules.form.layoutsupport.griddesigner.GridBagManager.<init>
No,IllegalArgumentException: Width (17) and height (0) cannot be <= 0
No,ProjectClassLoader is never garbage collected. IDE runs out out memory when using the GUI builder.
No,How can I add @Override-Annotations in FormDesigner
No,"Netbeans 8.2 - ""TextField.inactiveForeground"" and ""TextField.inactiveBackground"" not set by GUI designer"
No,NullPointerException at org.netbeans.modules.form.layoutdesign.LayoutFeeder.mergeInclusionsInCommonSequence
No,Cannot change TitledBorder from Resource Bundle to Plain Text
No,NullPointerException at org.netbeans.modules.form.RADVisualComponent$LayoutComponentSizeProperty.getValue
No,Gui Builder is generating code that uses the diamond operator when project source level is JDK 6.  This does not compile.
No,Matisse ignores some properties settings
No,NullPointerException at org.netbeans.modules.form.FormDataObject.createNodeDelegate
No,NullPointerException at org.netbeans.modules.form.RADComponent.getAllBindingProperties
No,IllegalArgumentException: illegal component position
No,"Do not add @SuppressWarnings(""unchecked"") promiscuously"
No,GUI Designer variable declaration of JList subclass that does not take parameters is incorrect
No,Suggested Connection Wizard enhancements: JPopupMenu and LayoutManager as targets.
No,Suggest adding HTML support for String property editor in Form Editor.
No,Form editor does not react on external form file modification
No,"Add ""Default Button"" property setter for JRootPane descendents"
No,Allow more flexible specification of images
No,setting iconImage property for a JFrame
No,KeyStrokeEditor lacks support for getMenuShortcutKeyMask
No,Grouping events according to listener class
No,Enable generation of method calls for event handling to be abstract
No,"GridBagContraints Layout options of ""Inset"" should be separated into four different properties."
No,PaletteItemDataLoader should not recognize files outside of system FS
No,Code editors does not preserve size
No,copying a bean in the inspector gives confusing name for PropertyChangeListener method
No,"JTable column types is missing ImageIcon, Icon "
No,MENU: dimension of submenu is not adapted to size of inserted Menu Items
No,Undo doesn't work in code customizer.
No,"LAYOUT: Component ""disappears"" when is enclosed in Desktop pane or Layered pane"
No,MENU: menu component is not correctly rendered if redo is done
No,Medieval design of Anagrams About box
No,Feature Suggestion: add Project specific Palette Entries to matisse
No,REF: Ref preview doesn't show changes in bundle location if form class is moved to anothre package
No,Improving of the Image chooser dialog
No,"Table model is Microsoft smart when a column name starts with ""Title"""
No,Set Desinger Size dialog does not check users input
No,Button Count property is not recalculed when button is deleted
No,Make preview of position of new component more exact in BoxLayout
No,//NOI18n comments are not added to code which should not be internationalized
No,[65cat] Incorrect pallete item of BeanInfo class
No,Preview design does not work properly for checkboxes when IDE is started in GTK l&f
No,Highlight the container where a new component is about to be dropped not working on GTK
No,Error placing JSeparator
No,MENU: accelerator is incorrectly placed when action is assign using multiselection
No,Misplaced selection rectangle painted in menu designer
No,AWT: <USER CODE> is not displayed on component in design which has labe property
No,AWT: in-place editing is not supported for awt comp.
No,"""LayoutSupport API"" request"
No,Remove the use of getContentPane()
No,Font property value is not antialiased
No,Swing Enhancement
No,AWT Panel and Canvas are not visible during their placement
No,The combo box height is too small
No,Do not use getClass().getResource() in forms
No,Binding dialog displays disabled textFields under checkboxes
No,Insertion of component into Maven project fails sometimes
No,[69cat][java] New Database Program Wizard uses inconsistent list types
No,Using action property with @Action method causes button to lose text and tooltip
No,"""No Border"" should not map to setBorder(null)"
No,GTK color chooser-color doesn't match
No,Preview Desing -> Metal shows jCheckbox incorrectly
No,Attempt to call getNodeDelegate on deleted file
No,Properties For Beans Based On Swing/AWT Components Organized Differently
No,Adding menu item into menu - two menus are marked
No,"Swing JTextField background value [255,255,255] not displayed when editable false"
No,34351 ms? - form.palette.PaletteUtils.getAllItems()
No,Can't use custom JTabbedPane when the Bean Info containerDelegate is setted
No,Suggestion - JTable drag & drop from Palette component
No,Color chooser do not resize properly
No,New Master form in default package
No,Absolute Layout on TopComponent adds broken dependency to NetBeans Module
No,JPanel and awt.List Render Order different in guibuilder and preview
No,org.openide.text.DataEditorSupport$Env.outputStream: LowPerformance took 141771 ms.
No,Non-menu components should or should not be allowed in menus
No,Implement property marking feature APIs for component inspector
No,Allow adding components by clicking on the parent in the inspector tree
No,[50cat] after you select an event from properties or pop-up It does not open code editor .
No,Strange behaviour of Preferred height/width in Null layout
No,Use of Themes in Matisse in Netbeans 5.5
No,[60cat] Automatic internationalization uses wrong format
No,Cursor dialog might contain previews of the cursor.
No,Resource bundle prop. editor should not offer bundles outside source path
No,NullPointerException at org.netbeans.modules.form.BindingCustomizer.updateColumnSelector
No,JTable columnSelectionAllowed resets to true when editing via Table Contents dialog
No,Editor tab icons do not follow the changes
No,"In GUI builder, moving widget will cause other widgets to resize"
No,refactor move on jpanel gives error popup but succeeds
No,Having an issue where the IDE marks it's own generated code as an error.
No,NullPointerException at utils.Model.FilterListModel.getSize
No,"Improper behavior of ""cut"" in design mode"
No,NotSerializableException: javax.swing.plaf.synth.SynthComboBoxUI' in log opening form in IDE under GTK L&F
No,Integrate form editor with refactoring
No,[6.0 planning] Swing Application Framework support
No,[6.0 planning] Support for Swing data-aware applications
No,Refactor (move) form containing custom visual beans
No,"Allow ""automatic glue"" between java beans and the form editor"
No,Do initial integration with projects
No,Adapt Component Palette to projects
No,Adapt form editor to classpath defined by project
No,Provide GUI project template + wizard
No,Provide Applet project template
No,Netbeans spontaneously losing code
No,SWT components support by the netbeans forms editor
No,Form editor - import code from other IDEs/coded by hand
No,Integration of Form Editor with the Build System
No,??? in the generated code setText
No,Grid layout not allowing entry of columns
No,Missing  file? in RC1
No,Form editor is not even form viewer
No,IllegalStateException while switching into design mode.
No,Method setFormModel(FormModel model) is not called
No,Multiple Exceptions After AWT Layout Adjust Went Wrong
No,NullPointerException 4.0RC2 -> messages.log
No,Spurious exceptions thrown if property name is duplicated
No,XMLPropertyEditors outside of NB not recognized
No,Swing builder generates code that JDK1.4 will not compile
No,NPE while invoking formEditorCookie.reloadForm()
No,NPE adding component
No,Unable to switch from AbsoulteLayout to GridBagLayout
No,error - org.openide.awt.* NB 4.2 Build 20050830
No,"Listener Generation Style: Only Anonymous Inner Class is working, One Inner Class and Main Class have no effect"
No,[50cat] Assertion error
No,Removing component from form
No,"if you delete any swing item from the explorer view using the right-click+delete, you get an assertion exception"
No,cannot set layout
No,ActionPerformed event handler
No,Matisse layout manager should not be the default
No,"""Add from palette"" of a JPanel to a JPanel leads to NullPointerException when in Free Design"
No,Is not possible to add generifyied Swing component visually
No,Matisse IllegalArgumentException - Other Components
No,A java.lang.AssertionError exception has occurred.
No,NetBeans crashing not able to load projects
No,Edited by hand code are not saved if form was edited before code edition
No,GridBagLayout customizer doesn't work
No,refactoring fails to move resources loaded
No,GUI editing problem
No,Group layout does not set the right size
No,"How to create a Container Bean ""really"""
No,I tried to add a jlabel to a jframe and create a click event. it throws an NullPointer exception.
No,Enableing generation Mnemonics from IDE
No,NullPointerException while creating a JFrame
No,Code generated into guarded block generate runtime NPE
No,NetBeans Matisse Code generation
No,Null pointer exception..Unsaved ui deisgn panels
No,"gui component malfunction (""Design"" tab)"
No,StackOverflowError not allowing netbeans startup
No,Drag & Drop custom swing component.
No,"Using Matisse update in 5.5 fails to write property ""contentType"""
No,GUI builder move all component on a JPanel to top right-hand corner & resize them to a point.
No,java.lang.nullPointerexception error
No,Provide property editor for JFormattedTextField's format
No,Provide customizer for JTable
No,Provide a list of binding properties and a customizer for them
No,Support data binding via JPA and beans binding
No,Support for Swing App Framework's resources
No,Support for Swing App Framework's actions
No,Null Pointer Exception in Netbeans
No,Unrequested corruptive change of source code
No,JLabel
No,NullPointerException in Matisse
No,NullPointerException java 1.6/MacOS X 10.4.9
No,NullPointerException in JavaCodeGenerator /java 1.6/MacOS X 10.4.9
No,"Out of memory, IDE crash opening a form"