BRA,Summary
Yes,Need to make scroll bars persist for accessibility...
Yes,app-accessibility/brltty failed to build on chromiumos-sdk builders due to missing tcl
Yes,arc.SettingsBridge failing: Failed to ensure spoken feedback sync: accessibility is unexpectedly enabled on boot
Yes,arc.AccessibilityTree regressed on all boards since 12782.0.0
Yes,Unify GetText on BrowserAccessibilityPosition and AXNodePosition
Yes,[L10n] [asf54ca5b47] [Chrome OS Accessibility] [Functional] [DA] - The voice for spoken feedback in DA sounds unnatural
Yes,[L10n] [asf54ca5b47] [Chrome OS Accessibility] [Functional] [JA] - Accessibility features do not work for JA
Yes,chrome://accessibility unable to check box for Label images
Yes,chrome://accessibility changing checkbox status puts focus on the top of the page
Yes,Date picker popup - screenreader accessibility
Yes,Auto Click Accessibility turns on Automatically
Yes,Should pure CSS tables be exposed as tables in accessibility?
Yes,Regression : Unnecessarily bold partition line is seen when on scrolling down in 'Accessibility' section at Uber Tray
Yes,"Accessibility Control: Policies set from ""Device Policy"" tab intermittently appear on guest session "
Yes,LAYER_SOLID_COLOR is not scaled correctly under accessibility screen magnifier.
Yes,Unable to exit Accessibility Settings if using ChromeVox during OOBE
Yes,Non-Regression: Unnecessary blink of focus is seen when we touch on Language/Accessibility buttons in OOBE screen
Yes,LoginScreenAccessibilityPolicyBrowsertest.DeviceLoginScreenFullScreenMagnifier is flaky
Yes,browser_accessibility_fuzzer: Direct-leak in content::BrowserAccessibility::Create
Yes,Incorrect verbalization from ChromeVox on system tray Accessibility Settings Button
Yes,Panning incorrect with Fullscreen Magnifier Accessibility feature enabled while display set in a non-standard tablet rotation
Yes,PDF accessibility tree is not getting generated for some PDFs
Yes,Handle file rotation in the PDF accessibility.
Yes,A11Y: Google Docs/Chromebook accessibility setting: When writing/moving the text caret is not highlighted.
Yes,Non-Regression : 'Show Accessibility settings' tool tip is seen for same enabled and disabled 'Accessibility' option at Uber Tray
Yes,Non-Regression: Unnecessary Add Accessibility features is seen in chrome://settings for Guest user
Yes,browser_accessibility_fuzzer: Timeout in browser_accessibility_fuzzer
Yes,Improve accessibility for tab sharing content border
Yes,Update Accessibility Settings Toggles to hide rather than disable sub-options
Yes,Regression: Accessibility page link to appearance / text size does nothing
Yes,asan build with lld fails for app-accessibility/brltty
Yes,Accessibility: Tab focus to close window and space in Overview
Yes,"Session crash due to unregistered pref emitted, kAccessibilitySpokenFeedbackEnabled"
Yes,kIgnored appearing in DumpAccessibilityTreeTest output for genericContainer(s)
Yes,DCHECK failure on ash::prefs::kAccessibilitySpokenFeedbackEnabled read
Yes,DCHECK on unregistered pref settings.accessibility
Yes,Copy for accessibility permission incorrect for some PDFs with revision 2 security handlers
Yes,Files app Visual Signals: Improve Feedback window accessibility
Yes,PDF Accessibility tree has two kRootWebArea nodes
Yes,PDF Accessibility - Document Role is too generic
Yes,A11Y: Chrome locking up when attempting to browse the internet when using KeySoft accessibility suite by Humanware forcing user to restart the device. It happens only for certain websites
Yes,DumpAccessibilityEventsTest.AccessibilityEventsAriaTreeCollapse is flaky
Yes,Message for accessibility features disabled by policy
Yes,UI>Accessibility Edit bookmarks dialog: No indication after successful edition
Yes,Regression: Chopped toggle buttons are seen Accessibility settings screen of OOBE when language is Arabic
Yes,Regression: 'Highlight object with keyboard focus' accessibility is not working in Lock screen when tabbing
Yes,Regression: Mouse cursor is not visible on ubertray when we enable Chromevox along with any other accessibility options like High contrast mode/Fullscreen Magnifier/Docked magnifier
Yes,Regression :  Uber Tray is not getting closed after disabling accessibility feature in Uber Tray
Yes,Non-Regression: Unnecessarily the header 'Text to preview' is getting faded(disabled) while playing the Text to speech in chrome://settings/manageAccessibility/tts
Yes,Non-Regression: 'Accessibility' option is not getting reflected automatically at Uber Tray after signing into User
Yes,Non-Regression: Unable to disable accessibility options in chrome://settings page
Yes,Fix ShowAccessibilityOptionsInSystemTrayMenu documentation
Yes,Layout of Accessibility Settings page broken
Yes,Clean up mash accessibility code
Yes,Decide the fate of accessibility related mojoms in ash/public/interfaces
Yes,Replace child_count()/child_at()-like APIs with children() in ViewAccessibility and TreeNode
Yes,Select-to-speak doesn't speak most items in Accessibility Settings
Yes,Accessibility extensions can remain loaded on sign in profile after login
Yes,arc.AccessibilityTree is failing 100%
Yes,Regression: Unnecessary toggle button knob is seen in chrome://settings/manageAccessibility page when ChromeVox(spoken feedback) is enabled
Yes,Regression: Unnecessary focus highlights are seen on accessibility options while navigating back to previous menu in ubertray
Yes,Regression: Mouse cursor is not visible on ubertray when we enable Chromevox along with any other accessibility options like High contrast mode/Fullscreen Magnifier/Docked magnifier
Yes,PDFExtensionTest.PdfAccessibilityInOOPIF is flaky
Yes,Switch Access accessibility tray setting does not update when ChromeVox disables Switch Access
Yes,Convert accessibility related objects to be owned vs singletons
Yes,Non-Regression : Nothing happens on Enabling/Disabling-Switch Access in Ubertray/Accessibility section
Yes,Add Switch Access to the accessibility settings tray
Yes,Unaligned Buttons in chrome://settings/manageAccessibility
Yes,Regression: ChromeVox gets enabled when we tap enter key only once on Accessibility button
Yes,Re-enable histogram in UpdateAccessibilityLabelsHistograms
Yes,Regression: Subpage arrows and separator lines are seen misaligned in chrome://settings/manageAccessibility page
Yes,ui.VirtualKeyboardAccessibility failing on caroline-tot-chrome-pfq-informational.
Yes,Improve Accessibility Focus Ring Options
Yes,Accessibility on-screen keyboard does not start after re-enabling it in Guest mode.
Yes,Crash in AutomationWebContentsObserver::AccessibilityEventReceived while streaming audio on spotify in web player
Yes,NativeCrxBindings is preventing Hangouts Meet from toggling accessibility settings
Yes,Select-to-speak not working in Accessibility Settings
Yes,ChromeVox is not reading specific labels in Accessibility>Manage Accessibility Features section in chrome://settings page
Yes,Non-Regression: Custom is seen instead of 2x in fullscreen magnifier drop-down for the first time in chrome://settings/manageAccessibility
Yes,Accessibility: Chrome OS touch input can't activate drag-able elements designed for mouse
Yes,Address failure of DumpAccessibilityTreeTest.AccessibilityVideoControls on single_process_mash_content_browsertests
Yes,Liara finds CtsAccessibilityServiceTestCases in CTS P flaky
Yes,Non-Regression: Play button is seen enabled when there is no text for preview in chrome://settings/manageAccessibility/tts
Yes,Non-Regression: Weird behavior is seen when clicking on More languages button continuously in chrome://settings/manageAccessibility/tts
Yes,Make single-process mash accessible with a single unified desktop accessibility tree
Yes,Write aura::Window walker with fence hopping for accessibility for SingleProcessMash
Yes,Define aura::Window walker interface in //ui/views/accessibility
Yes,Non-Regression: Play button is seen enabled even while playing text in chrome://settings/manageAccessibility/tts
Yes,Chrome settings crashes with accessibility features enabled
Yes,Replace ChromeViewsDelegate::NotifyAccessibilityEvent directly calling AutomationManagerAura with an observer pattern
Yes,Non-Regression: Tooltip is not vanishing while tabbing in chrome://settings/manageAccessibility/tts
Yes,insets for accessibility keyboard is too high
Yes,"Media Controls Accessibility: Volume slider should read ""56%"" instead of ""0.56"""
Yes,Potential Use-After-Free in ui/accessibility/ax_tree.cc
Yes,ChromeVox is not reading Heading 3 label headers in Accessibility>Manage Accessibility Features section in chrome://settings page
Yes,Tapping over the app grid in clamshell mode with accessibility keyboard enabled won't dismiss keyboard
Yes,Crash in ARC++ accessibility when using Aqua Mail
Yes,Accessibility services being enabled by default (login) screen
Yes,Non-Regression: Weird chromevox reader focus is seen when accessibility settings page is scrolled down
Yes,Harmonize the firing of accessibility focus events when a window/tab becomes active
Yes,Non-Regression: Vertical scrollbar is overlapping on toggle buttons in Accessibility overlay of OOBE screen
Yes,Non-Regression: Focus traces are seen at top of Large mouse cursor toggle  when Accessibility settings page scrolled down in OOBE
Yes,Regression: OK button is overlapped with separator lines in accessibility settings of OOBE
Yes,Labels should NotifyAccessibilityEvent when their text changes
Yes,ChromeOS UI crashes when using Android apps with Accessibility options turned on
Yes,Accessibility node tree support for mash
Yes,[Harmony Accessibility] Enabling ChromeVox and using the keyboard to select a cast target crashes Chrome
Yes,Accessibility: Remove alt-text from profile image shown during setup
Yes,Regression: Unnecessary movement of Accessibility settings screen is seen when clicking on left/right arrows of On-screen keyboard in OOBE screen
Yes,Non-Regression: Focus on toggle button is not proper in Select-to-speak settings in chrome://settings/manageAccessibility
Yes,Regression:Focus is not proper on the Accessibility menu options in Ubertray when language is Arabic
Yes,Regression: Tab Focus is seen chopped on the toggle button of Accessibility Settings when they are enabled
Yes,Explicitly enforce what combinations of Accessibility features can be enabled
Yes,Regression: Accessibility icon is not visible properly in ubertray in OOBE Screen
Yes,a11y: Toggle buttons in OOBE > Accessibility page are too low of contrast
Yes,CCA - Accessibility - Camera toggle label difficult to understand
Yes,CCA - Accessibility - Recording stopped and recording started alert
Yes,"CCA - Accessibility - ""Stop taking photo"" message heard when taking photos with ChromeVox enabled"
Yes,Regression: Some weird blink is seen when enabling and disabling any accessibility in OOBE screen
Yes,"Non-Regression: Like bluetooth or WiFi, when accessibility is enabled blue background should be seen behind icon"
Yes,No language indicated in markup on chrome://accessibility
Yes,Decorative images in chrome://accessibility not paired to their headings
Yes,Dashes within flag names not read by TTS in chrome://accessibility
Yes,A11y tree unable to be read with screen reader for just the chrome://accessibility section in chrome://accessibility
Yes,A11y tree rendered as one long line for screen reader on chrome://accessibility
Yes,Chrome://accessibility links collapse tree instead of re-rerendering in place
Yes,mash: Remove accessibility autoclick mojo app
Yes,mash: Support AccessibilityPrivate extension API SendSyntheticKeyEvent
Yes,Crostini install flow has accessibility issues
Yes,Emerging app-accessibility/brltty fails on EVE
Yes,chrome://accessibility text contrast too low
Yes,Non-Regression : No Difference is  seen between 'Network' icon and  'Accessibility' icon in Lock screen
Yes,A11y: Chrome://settings add accessibility features has nested controls
Yes,Heap-use-after-free in ChromeViewsDelegate::NotifyAccessibilityEvent
Yes,Regression: Focus is not traversing to Accessibility and keyboard drop downs
Yes,Dump accessibility tree for native UI on Chrome OS
Yes,Regression :  'Accessibility' option is still at Uber Tray even after disabling Accessibility feature and 'Always show accessibility options in the System menu' option
Yes,Regression: Unnecessary tab focus is seen on 'Previous Menu' option in Accessibility menu  at Uber Tray
Yes,Clicking Chrome Native UI show accessibility tree in chrome://accessibility crashes Chrome OS
Yes,Dictation when restarted gets into state where unable to turn on/off via Status Bar > Accessibility menu
Yes,Regression: Button is missing for 'Add Additional features' in chrome://settings/manageAccessibility
Yes,superG in omnibox accessibility
Yes,Regression: 'Keyboard' and 'Accessibility' options are not getting reflected automatically at Uber Tray
Yes,Accessibility keyboard shortcut doesn't work
Yes,Non-Regression : 'Accessibility' tool tip is seen instead of 'Accessibility On' tool tip after enabling any accessibility feature at Uber Tray
Yes,Non-Regression: Unable to enable/disable the 'Dictation' accessibility both in login screen and sign-out screen
Yes,Non-Regression :  Grey focus is not seen around the  'Accessibility'the text in Uber Tray
Yes,"Add ReadableBlendTowardContrastingColor(), use for tab titles and other accessibility-sensitive cases"
Yes,"""TtsAccessibilityTest.MANAGE_TTS_SETTINGS_aria_valid_attr_value"" is flaky"
Yes,TtsAccessibilityTest.MANAGE_TTS_SETTINGS_aria_valid_attr_value flaky on CrOS
Yes,Add Display Zoom in/out shortcuts to KSH; move Accessibility Zoom settings to Accessibility section.
Yes,Drive results need a ::ToAccessibilityLabel
Yes,Internal chrome://accessibility page crashes due to favicons
Yes,Shelf touch accessibility with ChromeVox improvements
Yes,Chrome OS accessibility tests DCHECK when Refresh is enabled
Yes,Add an accessibility label to the tab switch button
Yes,Add tab switch announcement to accessibility label
Yes,Enable keyboard shortcut viewer app when accessibility is disabled
Yes,Regression: Accessibility icon is missing in ubertray when any accessibility is enabled
Yes,Create appropriate accessibility text for omnibox rich entity suggestions
Yes,Accessibility - OOBE Updates
Yes,Arc: Accessibility focus rect is shown in wrong place with chrome based caption
Yes,Move TrayAccessibilityTest to ash and make them work with UnifiedSystemTray
Yes,TouchAccessibilityEnablerTest.InteractsWithTouchExplorationController is flaky
Yes,A11y: Chrome://accessibility Similar controls are not identified consistently
Yes,A11y: Chrome://accessibility Screen reader users do not know when expandable content is available or when it appears
Yes,A11y: chrome://accessibility the controls on this page do not have clear descriptions
Yes,Searching settings page crashes when --experimental-accessibility-features flag is enabled
Yes,Regression: Accessibility settings overlay is getting chopped when clicking on space bar of On screen keyboard
Yes,A11y: chrome://accessibility it is difficult for screen reader users to understand where one section begins and ends
Yes,A11y: Chrome://accessibility page loses focus on change with NVDA and ChromeVox
Yes,Floating accessibility keyboard overscrolls
Yes,Media Controls: accessibility: improve verbalisation
Yes,Whitelist accessibilityFeatures.read API for Secure Shell
Yes,ArcAccessibilityHelperBridge is crashing after login with dcheck_always_on=true
Yes,Accessibility tree doesn't reflect re-ordering of apps in shelf or tabs: view_model bug
Yes,Media Controls: expose currentTime in slider accessibility value description
Yes,Change accessibility labels for More Actions buttons in chrome:settings/passwords
Yes,Non-Regression:Focus blink is seen on ChromeVox toggle while opening Accessibility settings overlay by touch
Yes,ARC++ accessibility nodes get destroyed when scrolled ofscreen
Yes,Scrolling in ARC++ Assistant does not update accessibility tree
Yes,Don't automatically sort bounding rectangles in ARC++ accessibility under webviews
Yes,"Regression:Unnecessary selection is seen while clicking continuously on the toggle button of ""Show large mouse cursor"" in chrome://settings/manageAccessibility "
Yes,"Dev Tools Audits, and Accessibility dev tools features not working on Chromebooks"
Yes,mash: Accessibility screen magnifier support
Yes,Non-Regression: 'Accessibility' option is still seen at Uber Tray even after disabling any Accessibility Features	
Yes,"Non-Regression:'Select-to-speak','Fullscreen magnifier','Docked magnifier' names in Ubertray/Accessibility are not translated accordingly with the language change"
Yes,"""TrayAccessibilityTestInstance/TrayAccessibilityTest.CheckMenuVisibilityOnDetailMenu/0"" is flaky"
Yes,"""SettingsAccessibilityTest.EDIT_DICTIONARY_p_as_heading"" is flaky"
Yes,Improve accessibility in crosh shell
Yes,mash: AccessibilityManagerLoginTest.Login failing due to accessibility_autoclick manifest permissions
Yes,Non-Regression: Toggle button is not clickable when clicked on the 'Highlight each word as it is spoken' in chrome://settings/manageAccessibility
Yes,Changing kAccessibilityScreenMagnifierScale doesn't change scale
Yes,Accessibility tweak in splitscreen mode
Yes,ArcAccessibilityHelperBridgeBrowserTest.PreferenceChange crashes in viz::HostFrameSinkManager::CreateCompositorFrameSinkSupport()
Yes,"""DumpAccessibilityTreeTest.AccessibilityIframePadding"" is flaky"
Yes,mash: accessibility_autoclick may have wrong mojo manifests
Yes,CrOS A11y: Select To Speak should be listed in the status bar > Accessibility menu
Yes,TrayAccessibilityTestInstance/TrayAccessibilityTest.ShowNotification/0 has flaky crashes
Yes,[root layer scrolls] DumpAccessibilityTreeTest fails
Yes,[root layer scrolls] AccessibilityHitTestingBrowserTest fails
Yes,Consider removing spoken_feedback_notification_ in ash::AccessibilityController
Yes,Include Android applications in chrome://accessibility
Yes,Remove SetPrefServiceForTest method in ash::AccessibilityController
Yes,Regression :  'Accessibility' header section moves down on selecting 'Accessibility' option in Uber Tray Panther Device
Yes,TrayAccessibilityTest.CheckMenuVisibilityOnDetailMenu/1 is flaky
Yes,Remove ash access from chrome/browser/ui/aura/accessibility
Yes,Accessibility target for message center is wrong
Yes,"TriggerAccessibilityAlert for ""keyboard shortcuts for moving window between displays"""
Yes,Regression :  'Accessibility' option is not available by default at Uber Tray even  option 'Always show accessibility options in the System menu' is seen in chrome://settings
Yes,Regression: Chopped Focus is seen at Ubertray when accessibility or volume icon appears.
Yes,Bad-cast to blink::LayoutBox from blink::LayoutInline;blink::AXLayoutObject::AccessibilityHitTest;blink::WebAXObject::HitTest
Yes,TrayNetwork should not fire accessibility events for every signal change on the same network connection
Yes,Regression: Blank space in seen in place of additional settings in Ubertray's Accessibility section
Yes,Using accessibility Chrome API to set spoken feedback causes app to take ownership for entire system
Yes,Non-Regression: On-screen keyboard gooes blank when chromevox is enabled in OOBE screen's Accessibility overlay
Yes,Files app: Checkmarks in Grid View mode not recognized by accessibility tools
Yes,Non-Regression: Unwanted I pointer is seen when chromevox is enabled in the chromevox spoken header in  accessibility settings page.
Yes,arc: accessibility locations are incorrect
Yes,Files app (accessibility): Only speak file name + date once on tap/select
Yes,Files app: Accessibility updates for touch interactions
Yes,[A11y Assessment - Print] Accessibility Improvements
Yes,[A11y Assessment - File Manager] Accessibility Improvements
Yes,mash: Accessibility large cursor is cut in half
Yes,Non-Regression : Unnecessarily 'Accessibility' option is seen at Uber Tray on opening 'Join Wi-Fi network' Dialog box in Guest Mode
Yes,Improve accessibility description for Playstore results
Yes,mash: Remove ash access from chrome/browser/chromeos/accessibility
Yes,ARIA grids with authoring errors drop content from accessibility tree
Yes,Expand button accessibility string is not helpful in MD notification
Yes,Accessibility system tray menu shows when no features enabled if a feature was enabled at login screen
Yes,Unused ash icon: ash/resources/vector_icons/system_menu_accessibility_large_cursor.icon
Yes,Add more descriptive accessibility names to system tray
Yes,ARC: accessibility auto scroll
Yes,ARC: accessibility tree not focused on first launch
Yes,Accessibility options lead to new doc tab freeze on veyron mickey
Yes,Triage accessibility changes in new launcher
Yes,Need different accessibility information for bookmark folders in bookmarks bar
Yes,"Non-Regression: Dropdown Text  is seen chopped for 'Select a voice','Select a speech rate' fields in md-settings/manageAccessibility page when Minimum font size is Huge"
Yes,Notification role for accessibility
Yes,DCHECK in chromeos::AccessibilityManager::UpdateChromeOSAccessibilityHistograms
Yes,don't show accessibility icon for tap dragging
Yes,Non-Regression : 'Show accessibility options in the System menu' option is still seen disabled  in chrome://md-settings  even on enabling any Accessibility Features
Yes,Regression : Unnecessary navigation to chrome://settings page is seen on clicking 'Accessibility settings' icon  in Uber Tray
Yes,Build flakiness generating ui/accessibility/ax_enums.h?
Yes,[Feature Request] Add a way to disable all Accessibility feature hotkeys in ChromeOS
Yes,Non Regression: 'Sticky keys' & 'Tap dragging' options are seen in English in accessibility section of Uber tray when language is Telugu.
Yes,Regression:Focus highlight seen at two different places on clicking back navigation in Md-settings/manageAccessibility page.
Yes,DCHECK hit in extension_pref_value_map.cc:73: Extension nlkncpkkdoccmpiclbokaimcnedabhhm is not registered but accesses pref settings.accessibility
Yes,Accessibility toggle is not aligned to the right in MD Settings
Yes,Regression: Clicking 'Open appearance settings' from chrome://md-settings/manageAccessibility page scrolls to top of page
Yes,accessibility support for intent picker
Yes,Accessibility options are not present in chrome://settings page in guest mode
Yes,MD Settings: Iron-list accessibility in passwords page
Yes,Regression : Destination page is not correct on clicking settings icon in Language/Accessibility/Network sections of Uber Tray.
Yes,"Regression : ""Manage accessibility features"" option is seen missing in chrome://md-settings of Guest User"
Yes,Accessibility issues on login screen
Yes,ChromeOS OOBE Accessibility screen: buttons do not work when ChromeVOX is on
Yes,Regression : Unnecessary Focus is seen on Language and Accessibility option in OOBE screen
Yes,Regression: Unnecessarily ChromeVox (Spoken Feedback) is reading all the Accessibility options name twice in OOBE screen.
Yes,"Some chrome.accessibilityFeatures settings don't exist, crashing extension renderer process"
Yes,Enumerations for accessibilityFeatures.animationPolicy setting type not specified in docs
Yes,<webview>: Accessibility Highlight is offset from element
Yes,Regression : Focus is not seen completely on Toggle buttons of 'Accessibility settings' options in OOBE screen
Yes,New OOBE final Accessibility Fixes
Yes,"With ChromeVox Next, docs editors don't turn on accessibility automatically"
Yes,Clean up of non-MD accessibility UI code paths in the Ash system menu
Yes,ABBR element accessibility
Yes,Regression : ChromeVox (Spoken Feedback) is not correctly reading Accessibility settings options in OOBE screen.
Yes,"MD Settings: Accessibility ""additional features"" row looks like part of Audio section"
Yes,Regression : Unnecessary  movement to 'Device' section is seen  on back navigating from  chrome://md-settings/manageAccessibility page
Yes,Non-Regression : Blink of 'Device' section is seen on back navigation from  'Device settings' page to chrome://md-settings/manageAccessibility
Yes,Non-Regression: Focus on Language/Accessibility/Lets go buttons  in 'Welcome' screen are still seen even on clicking Uber Tray.
Yes,Accessibility issue on controls in Chrome OS
Yes,Regression: Focus is missing on Language/Accessibility buttons in Welcome screen after setting language/enabling accessibility.
Yes,Regression : ChromeVox(spoken feedback) is Reading without enabling option from Accessibility in Sign-in User
Yes,accessibility_Sanity failure
Yes,Non Regression: Unwanted scrollbar is seen in accessibility section of ubertray in veyron-jerry device.
Yes,Date picker popup - screenreader accessibility
Yes,Shelf tooltips stack accessibility alerts if mouse goes over many shelf buttons
Yes,KSH Accessibility Enhancements
Yes,PDF doesn't expose the text selection via accessibility APIs
Yes,Accessibility issue: can't 'sign in another user' using just the keyboard.
Yes,PDF accessibility tree doesn't contain word boundaries
Yes,Make chrome.accessibilityPrivate.darkenScreen work in mash
Yes,Security chip drag and drop: no equivalent for keyboard/screen reader users
Yes,Screen reader doesn't announce after clicking 'Request Access'
Yes,Screen reader focus should be on PDF document
Yes,Screen readers should read out changes in dependent settings
Yes,A11Y: Chrome Settings/Screen Reader: Screen reader does not announce the state of the show home button in Chrome settings.
Yes,A11Y: Chrome Browser: Chrome performance/memory management issue while reading a large html file with a screen reader
Yes,A11y: Extensions: When setting a keyboard shortcut there is no notification to screen readers
Yes,Screen reader announcement for button to join other WiFi networks in tray is not clear
Yes,Screen reader selection stays after the volume slider disappears
Yes,Misplaced screen reader selection box on Chrome OS Login Screen
Yes,"Time A11y: Pop-up needs to announce time, and Esc needs to correctly hide from screen reader"
Yes,"Color A11y: pop-up and its inner UIs need to announce their states/values, and trap screen reader focus"
Yes,Color picker pop-up doesn't open with keyboard when screen reader is on
Yes,Screen reader user is unable to linear navigate to device listed on requestDevice dialog
Yes,Learn more'  button(question mark) on requestDevice dialog is not meaningful/descriptive enough for screen reader users.
Yes,A11Y: Chrome is crashing when closing tabs (press Ctrl+W) while screen reader is enabled
Yes,"Screen reader: reads and shows table cell's overflow text, blank characters after truncation by ellipsis"
Yes,"Screen reader: does not respect CSS direction RTL, reads left to right"
Yes,A11y: Screen readers do not verbalize erased words in Braille mode in Google Docs
Yes,"Screen readers + keyboard only unable to access clear/stepper buttons inside input types date, time, number"
Yes,Cookie controls toggle not read by screen reader
Yes,Permission indicators do not announce themselves for screen readers
Yes,[Network Details - Settings] Screen reader sometimes announces incorrect network name
Yes,"Expanding and collapsing logs is laggy, and screen reader gives no feedback until expansion is done"
Yes,A11y: ChromeOS 77 + Docs: screen reader not verbalizing when navigating by lines with line breaks feature
Yes,"Headings no longer marked on chrome://downloads, hard for screen reader users to navigate"
Yes,a11y: PWA dialog not available to screen readers
Yes,Global Media Controls: unable to access bubble with screen reader or keyboard only
Yes,Unable to close virtual desks with keyboard only (or screen reader)
Yes,Screen readers reading tab-modal bubble contents many times
Yes,Chrome browser: Screen reader doesn't detect correctly table with enclosed treegrid
Yes,[Autofill] Screen readers VoiceOver and ChromeVox repeat suggestion information twice
Yes,chrome://history no headings for screen reader navigation
Yes,chrome://downloads no headings for screen reader navigation
Yes,Fix screen reader label for Drive results in omnibox
Yes,"A11Y: Screen reader says ""Extension enabled"" even when the extension is diabled in chrome://extensions page"
Yes,Chrome amp form alert not announced by screen readers
Yes,Tables are invisible on some pages while using a screen reader
Yes,"Screen reader reads ""Managed Android preferences"" button as just ""button"""
Yes,"ChromeVox Bluetooth braille display has visually unlabeled button, screen reader says ""Button"""
Yes,Launcher doesn't have meaningful title for screen reader users.
Yes,Assistant doesn't have meaningful title for screen reader users
Yes,Assistant settings page: unable to reach with keyboard or screen reader
Yes,"Old Gallery app: no meaningful title for screen reader users, just says file name of open image"
Yes,a11y: Disambiguate the three ways an Office file can open on Chrome OS for screen reader users
Yes,"Cross platform: HTML5 controls: with input type=""file"", screen reader saying nothing or ""no file selected"" when one was selected"
Yes,"ChromeVox: HTML5 controls: input type=""range"" aka slider unable to jump to highest value with screen reader "
Yes,"In Reset Settings dialog box in chrome://settings, focus doesn't goto “current settings” hyperlink through linear navigation using screen readers"
Yes,chrome://Settings screen reader focus unexpectedly jumps to top of page
Yes,"Screen reader not reading text associated with ""disable"" button for UI restricted by extensions"
Yes,Chrome Welcome screens dialogs not announced to screen readers
Yes,A11y: heading styled as display:table is not indicated by screen readers
Yes,A11y: Get Help app accordion sections don't indicate to screen reader users their state
Yes,Using screen reader's default navigation keys (E.g. Control-Option-Arrow keys on Mac) doesn't allow the stop casting button to get focus.
Yes,A11y: Files app dynamic updates are not communicated to screen reader users
Yes,Screen reader not prompted to restart after changing system language
Yes,A11y tree unable to be read with screen reader for just the chrome://accessibility section in chrome://accessibility
Yes,A11y tree rendered as one long line for screen reader on chrome://accessibility
Yes,"Chrome menu hint text for screen reader is ""double tap to activate"" for non-mobile "
Yes,Screen reader indexes are missing/inconsistent in Customize and Control Chrome menu
Yes,"A11y: chrome://extensions, details page lacks headings, landmarks, etc. for screen readers"
Yes,CrOS Shortcut Viewer a11y: inconsistent application of indexes for screen reader
Yes,"""Install App"" dialog: Screen reader does not read app name / origin"
Yes,a11y: screen reader not prompted to relaunch on chrome://flags page
Yes,A11y: Chrome://settings menu does not move screen reader focus to the selected option
Yes,a11y: voice search button on NTP not recognized as a button by screen readers
Yes,Device selection state unclear with screen readers.
Yes,"Info type error messages cannot be reached and highlighted using keyboard, and read by screen readers."
Yes,"No devices found question mark button doesn't have screen reader label or clear selection highlight, and key to open link is unclear."
Yes,No devices found does not have a label for screen readers.
Yes,Screen reader does not announce title of print dialog
Yes,A11y: chrome://downloads and chrome://extensions screen reader should announce number of search results
Yes,Google TTS settings page non-western characters not read by screen reader
Yes,A11y: chrome://bookmarks indexes are not announced by screen readers
Yes,Fix screen reader value for Order Summary section of Payment Sheet
Yes,[PIP] Add screen reader support
Yes,A11y: Chrome://accessibility Screen reader users do not know when expandable content is available or when it appears
Yes,A11y: chrome://accessibility it is difficult for screen reader users to understand where one section begins and ends
Yes,a11y: dialog not read by screen reader if focus is on default button
Yes,a11y: Notifications that include tables for contents are not read by screen readers
Yes,Screen readers incorrectly reads snackbar messages twice
Yes,a11y: changing wifi signals not being articulated by screen reader
Yes,[A11y Assessment - Get Help App] Search box improvements with screen reader
Yes,Changes to the page title are not announced by screen readers
Yes,Inconsistent behavior with screen readers reading file names of images with empty alt text
Yes,[MD Settings] Radio button issues with screen readers
Yes,[A11y Assessment - NTP] Issues with using voice search with a screen reader
Yes,[A11y Assessment - Toolbar] Not able to access the volume controls in tabs with keyboard + Screen reader
Yes,[A11y Assessment - Omnibox] Screen reader improvements needed when bookmarking page with star icon
Yes,"a11y: security chip > cookies dialog missing labels, not read by screen readers"
Yes,Screen reader does not read new button options in Drive
Yes,in latest chrome os canary talkback navigation are broken. the search key do nothing
Yes,Talkback + Google flights page - two regions added after entering a destination
Yes,"in aqua mail in android 9 with talkback when you are in the message list talkback dont anounce wich message you are on when pressing arrow keys. talkback only says !selection"" and when writing you cant press enter to start a new line"
Yes,ChromeVox and Talkback don't update when the contents of a heading is changed
Yes,Switching to TalkBack is squishy
Yes,TalkBack shortcuts to open the menus do not function
Yes,TalkBack reading file names for images without alt text
Yes,ChromeVox não lê botões sem etiqueta em aplicativos android. Precisa ler botões sem etiqueta como a etiquetagem automática do talkback.
Yes,TalkBack doesn't work properly if it's switched with Search+A then [ or ]
Yes,TalkBack in Chrome does not voice changes in state to a Tab
Yes,Keyboard navigation is not working with TalkBack on Android window
Yes,Gesture is not working with TalkBack on Android window
Yes,Keyboard navigation is not working with TalkBack on Android window
Yes,Chromevox and Google Talkback are a bad setup
Yes,Add open TalkBack option button in a11y page of MD settings
Yes,talkback seems totaly broken in latest canary
Yes,ChromeVox + Talkback not working with Aqua Mail on Chromebooks
Yes,talkback navigation broken. launch a android app and try to navigate e.g search+right arrow. nothing happen
Yes,TalkBack is not working on M60
Yes,arc-a11y: add key combo to toggle between TalkBack and ChromeVox arc native support
Yes,Unable to use keyboard commands with Talkback in Android apps
Yes,Make scrollLeft consistent and interoperable in RTL
Yes,hterm: The beep sound effect may be too high pitch for hearing impaired people
Yes,Fix OOBE subtitles font and color
Yes,Hide subtitle on network screen in demo mode
Yes,ChromeOS video viewer should have subtitle support
Yes,Old subtitle track is not deleted on 'src' attribute change
Yes,session_manager blindly trusts chrome on what kind of ARC++ container to launch
Yes,Back' button on Chrome OS terms page missing label
Yes,[A11y Assessment - Get Help App] Missing label
Yes,[A11y Assessment - OOBE] Missing label on image
Yes,[A11y Assessment - Status Tray]  Missing label for audio settings button
Yes,[A11y Assessment - Status Tray]  Missing labels for wifi signal strength / password required
Yes,[A11y Assessment - Launcher] Missing labels in search results
Yes,[A11y Assessment - Launcher] Missing label for Google logo
Yes,[A11y Assessment - Omnibox] Page icon missing label
Yes,"a11y: security chip > cookies dialog missing labels, not read by screen readers"
No,System menu sliders - Need non rounded lines on active slider
No,Security: Two autocomplete flaws STILL allow stealing credit card numbers
No,System menu sliders - Knob diameter should be 8px
No,suite_scheduler tests not scheduled on Skylab
No,Nautilus : Bluetooth Not working
No,bruh
No,Get custom shellcheck into CrOS tricium setup
No,DCHECK failure in GetReadOnlyRoots().fixed_cow_array_map() != map() in fixed-array-inl.h
No,Profile Menu highlight look different when using rounded corners
No,Google Sign Builder Crashes on Slides Presentations With Images
No,"Unable to enter on ""Sign-In"" page after installing the Recover image - Snappy"
No,"shill: DeleteEntry seems to have no effect for ""ethernet"" entries"
No,Shelf swipe up does not work with transients well.
No,artifacts on v1 apps title bar in overview mode
No,DCHECK failure in AllowHeapAllocation::IsAllowed() in heap-inl.h
No,Chrome OS crashes when deleting long url from new-tab page
No,nbb
No,Unable to choose German keyboard variant in guest mode
No,ChromeOS updates not available to Acer Chromebook Tab 10
No,DCHECK failure in to_kind == DICTIONARY_ELEMENTS || to_kind == SLOW_STRING_WRAPPER_ELEMENTS || IsF
No,arcvideodecoder_test: query capabilities and make sure hardware decoder is used
No,"peach_pit-paladin: tast.ui.SupervisedUserCrash failed because of ""root not found"""
No,auron_paine-paladin: login_VMSanity failed due to unexpected rebooting
No,Regression: weird misplaced traces of omnibox suggestion list is seen when window goes to overview mode
No,Crash in v8::internal::Simulator::LoadStorePairHelper
No,Regression: Unnecessary translate bubble is seen in select-to-speak settings page of Guest browser when Chromevox is enabled
No,V4L2VDA: Feed DMABUF based buffer to VIDEO_OUTPUT queue
No,Non-Regression: Unnecessary focus is seen on First app and also tab focus traversal is not in sequence while tabbing in App launcherapp launcher
No,"Regression: Hand pointer is seen instead of arrow pointer when ""Select a file to open"" overlay is kept in overview mode"
No,App permission view doesn't show when clicking on an item from search
No,Non-Regression : No tool tip is seen on hovering mouse pointer on continuation dots at top side menu when there are many folders created in Files App
No,Upgrade net-dialup/xl2tpd to 1.3.12
No,Holding down keyboard switch key (lower left) while pressing a key results in strange behaviour
No,CHECK failure: offset <= *start_tmp in disk_cache_fuzzer.cc
No,H264 encoder is used in https://appr.tc/?debug=loopback&vsc=vp9&vrc=vp9
No,Clicking on a permission item does not toggle the permission
No,crash_sender: Don't hold lock file during sleeps
No,Multidevice host appears as paired Bluetooth device during multidevice feature use
No,ChromeVox: in G Suite version history feature very slow in loading
No,"ChromeVox: in G Suite version history, not entering version history list with tab or linear nav"
No,WebContentsImplBrowserTest.GetSizeForNewRenderView is flaky
No,UMA UncleanShutdownsDaily very high
No,ChromeVox: in G Suite version history no easy way to switch between editable area and the version history pane
No,ChromeVox: G Suite version history keyboard shortcut not working with CVox on
No,ChromeVox + Google Docs - more actions menu not announcing its expanded state
No,Memory leak with PDF annotations
No,Create UMA histogram to break down IsCreditCardUploadEnabled() exit codes
No,"When short pressed on power button, screen is not off in laptop mode"
No,blktests hangs when updating loop device capacity with filesystem
No,debugd.CoreScheduler triggers kernel panic due to hung task
No,Scroll position is persisted when location.reload(true)
No,[Autofill] Add icons to suggestions in the use improved label disambiguation experiment
No,Scrolling the mouse wheel should not trigger an automatic click to begin
No,Migrate CUPS to Daemon Store
No,Elm: network_WiFi_SimpleConnect tests failing  with reason: FAIL(Discovery timed out) mostly on channel1 and channel48
No,Seen MTP folders after disconnect phone from the chromebook
No,minimized window reappears after login
No,graphics_VideoRenderingPower stopped reporting to the chromeperf dashboard
No,overview mode animation can be sluggish when there are many minimized windows
No,GL_MESA_framebuffer_flip_y not always flipping
No,Create notifications for streamlined USB printer setup
No,Split saved/unsaved printers out of configured printers
No,Tracking bug: Implement Streamlined USB printer setup flow
No,"[Autotest failure][Wifi_Atten_Perf] Nyan_big: tests fail with ""Unhandled AutoservSSHTimeout"" error."
No,A11y for crostini installer
No,Don't read local state JSON file twice during startup
No,"Crostini: ""BUG: spinlock bad magic"" in guest kernel during vsock usage"
No,moblab: suspendtest: 1 suspend failiure cause lot of messages
No,3-dot menu button appears in the overview mode for PWA windows
No,moblab: test aborted too early
No,Management WebUI: Remove all non static data from loadtimedata
No,Crostini: root directory (/) in default container has unexpected permissions (777)
No,Autotest SSH multiplexing is not used in the lab
No,Audio Context analyser node not working unless sample rate is specified
No,Go through the new user sign-in flow and device crashes during the sign-in
No,network_WiFi_SimpleConnect tests failing on multiple devices with reason:  FAIL(Association timed out).
No,Eject button for zip files with long names out of view
No,Manually uprev Chrome to 75.0.3759.4 for Chrome OS
No,flags: remove --new-tab-button-position and backing code
No,Inbuilt audio player UI issue
No,hdcfbhgfyrg4ryfte6ft6
No,Eliminate use of DBusThreadManager in src/ash
No,Resizing two windows in tablet split-view mode is slower in SPM
No,List options in the Filter options in Docs/Slides are not read in proper sequence by ChromeVox.
No,Incognito layout is weird in German
No,"Lock screen text on buttons is cut off with ""..."""
No,arc.LowMemoryKiller causing DUTs to crash
No,Suspended BaseAudioContext is resumed when AudioWorklet is activated
No,Infobar shadows hide when scrolling top chrome
No,Lookalike skeleton matches weirdly on subdomains?
No,Top controls slide logic is fragile
No,Make AXAuraObjCache not a singleton
No,veyron uprev: tune cpufreq settings
No,Create veyron-kernelnext
No,ARM compiler cannot emerge dev-python/grpcio
No,[Test>Chameleon] Left/right channels are inverted
No,[Test>Chameleon] Cannot send 8 channels audio to Chameleon device
No,[Test>Chameleon] StopCapturingAudio returns invalid sampling rate
No,Non-Regression : Unnecessary flickering is seen on scrolling 'Deserts' tab in Wallpaper app when screen is 'Zoomed in'
No,Timeout in learning_fuzzer
No,Regression: Flickering of Add person overlay is seen when we touch on email field to pop up virtual keyboard
No,Regression: Default input method is seen missing below Input method section in Chrome://settings page of Guest for Cyan device
No,Regression: Add button is seen enabled when invalid Manufacturer/model is given in Add Printer overlay
No,Regression: Unwanted spacing is seen at R.H.S edge of files app window when we click on Google Drive folder
No,Non-Regression: Unnecessary blink of vertical scrollbar appears in Create a PIN/Reset your security key dialogue box in chrome://settings/securityKeys page
No,its new
No,Inputview VK  fails to change into A11y on Lock screen.
No,Possible UI jank due to BookmarkModelTypeProcessor::ModelReadyToSync()
No,[FST]Cannot reverse after symbol candidate replace a word.
No,WebRTC Mediastream breaks <audio> and <video> controls
No,Top corners of profile menus are sharper than bottom corners.
No,[FST]UK FST not work after switch to any other keyboard then switch back.
No,Cannot tab to different profiles in login screen
No,ChromeVox skips regulatory label
No,[FST] Hide-> Re-show layout  can remember last input for UK keyboard inputview layout
No,Iterate on what should happen for expanding PIP in split-view mode
No,"[FST] Enabling FST makes ""Double-space to type period"" not work."
No,keeps freezing then comes back in like 2 min or so
No,[FST] Delete word&emoji in UK main keyboard abnormally
No,Timeout getting experimental builders from the treestatus
No,Save page as for a plain text file URL doesn't save it
No,Abrt in Call<>
No,StorePolicyEx is flaky.
No,pref_service.cc(137)] Check failed: (sequence_checker_).CalledOnValidSequence().
No,On-screen keyboard dictation button has pausing issues with Google Document
No,Over-recording MultiDevice.DeviceSyncService.SetSoftwareFeatureState.Result metric
No,jpeg/video decode/encode tests broken in debug: symbol xkb_state_mod_index_is_active not defined
No,Chrome intermittently crashing upon Hangouts message delivery
No,Concerning metrics for enabling Better Together suite
No,StartScanToReceiveUnlockableRemoteStatus.Duration.Unlock metric is always 15s
No,auron_paine: i915 crashes on CQ
No,DCHECK: !initializing_store && property_details_.constness() == PropertyConstness::kConst implies IsConstFieldValueEqualTo(*value)
No,SIGBUS in usbguard
No,Running Chromium Tests as Integration Tests in Client Waterfalls
No,Consistently map AFE job priorities to Skylab task priorities
No,Team Fortress 2 performance under virtio-gpu is cut in half by slow GL queries
No,i sometimes get crashes
No,i sometimes get crashes
No,i sometimes get crashes
No,bfq crash on rk3288-veyron_mighty on Chrome OS 4.19
No,initialize MsgSocket at top level
No,GL_INVALID_OPERATION after requesting a WebGL context with alpha: true
No,"[Selfshare] Don't show sending entrypoint when user is in ""sync paused"" state"
No,Menus seem to take too long fading in/out
No,Perf uploader should not concatenate 'variant' to platform name
No,[clang] Add support for -mcrypto
No,[Selfshare] Put receiving notification UI behind receiving flag
No,[chromeos-chrome] Ordering Chrome symbols with Call-Chain Clustering (C3) ordering
No,Rearrange Items on chrome://extensions doesn't work properly while removing/adding the extensions
No,Can't type text into chrome address bar on ToT
No,chromeos-base/crostini_client memory leaks detected by asan bulider.
No,Autofill can fill the wrong field when the system is slow
No,Integer-overflow in bsdiff::bspatch
No,TestSimpleChromeWorkflow failures due to non-booting Android on betty-arcnext-chrome-pfq
No,dev-rust/sys_util memory leaks detected by asan builder.
No,eve-arcnext-chrome-pfq build failures
No,SkyLab telemetry_LoginTest.arc graphics_Idle.arc failures
No,"Drop ""required"" from skylab inventory fields"
No,session.LogoutCleanup is flaky on several boards.
No,tast.session.OwnershipNotRetaken are flaky on nyan_* boards.
No,Timeout in renderer_fuzzer
No,Build errors reported on grunt with CONFIG_OF=n
No,veyron_mighty-paladin: Lost SSH connection on chromeos4-row6-rack11-host7
No,eve-paladin: tast.security.Minijail failed on CQ
No,Print Preview: Duplex checkbox doesn't have associated label.
No,vboot: add preprocessing to depthcharge.ldscript and merge MIPS version
No,Precondition creation for Chrome failed.
No,Inserting then removing a display:inline parent of a display:block child leaves a table in a bad state
No,Difficult to resize panels on touch device
No,"Regression:  App launcher closes immediately when we click Cancel/Remove button in ""Remove this suggestion"" dialogue box "
No,Non-Regression: Unnecessary wallpaper traces are seen at the top edges of App launcher when emoji palette pops up
No,Non-Regression:  Loading is not seen and blank overlay is seen till the content loads when clicked on any links in  Google Assistant overlay
No,Regression: Welcome screen animation effect is seen missing in Kip device
No,Non-Regression: 2 focuses are seen in Suggestion list of app launcher
No,back button no longer working in PLAY STORE
No,Hashed device ids used in communication with the audio service
No,Port ARC tests.
No,Regression : Tab Focus is seen missing on 'Browse as Guest' & 'Add Person' options from second time on using  'Shift +Tab'
No,Double width header bar flash if multi-touch on UK_?123 layout.
No,Stabilize graphics.DRM Tast tests.
No,[FST] First switch to digital layout results in it flashing for UK keyboard
No,MountOptions in cros-disks in unnecessary complicated
No,[FST]Pressing BS key twice at the end of emoji results in error behavior
No,"[FST]After touch BackSpace, not left-beside-cursor letter is removed & candidates disappear & cursor jumps unexpectedly."
No,Regression: Glimpse of 'Chopped URL' is seen in URL strip while page loads.
No,"vboot_reference: futility test_rwsig.sh fails with ""Permission denied"""
No,"kip-paladin: SkylabHWTest fails with ""Host did not return from reboot"" "
No,Collect metrics on number of system menu bubbles
No,"""make"" failed in various tests (autotest trying to create binaries on the DUT)"
No,Drag & drop event needs to be triggered twice to run
No,Keys truncate for MY Floating keyboard
No,Disable security.RunOCI on moblab boards
No,Extra symbol key display in the last line of  Japanese layout
No,Video decode accelerator tests broken in import mode: nullptr returned from gbm_bo_import
No,[Selfshare] More robust de-duping for local devices
No,Expiry for low-latency tokens seems sooner than expected
No,[Selfshare] Tracking bug for new omnibox icon entrypoint
No,performance_InboxInputLatency failed
No,"Input type file should say ""Image files"" instead of ""Custom files"""
No,Google Duo (android app) loses connection to camera after starting video chat.
No,Regression: No coverage for MATHEMATICAL BOLD unicode character range on Chrome OS
No,Index-out-of-bounds in growstackblock
No,dash: Index-out-of-bounds in growstackblock
No,CHECK failure: !entry_manager_->global_db_path_.empty() in entry_manager_test_util.cc
No,ieee80211_sta_work page fault
No,Error mounting Crostini Container: 15 With Linux Backup
No,Implement Omnibox.SuggestionUsed.AnswerInSuggest on non-Android Platforms
No,cros-termina not available any more
No,Undefined-shift in dri2_initialize_surfaceless
No,v8 crash on map-check
No,[chrome://flags] The Magnifying Glass in the Search Field moves 1px to the left when you click into it
No,Heap-use-after-free in disk_cache::MappedFile::Load
No,security.SELinuxFilesARC failed due to wrong context on shill_logs file
No,Ctrl+Shift+Space no longer change keyboard layouts in Android Apps on ChromeOS
No,chromeos-ec failing in fuzzer builders
No,".deb notifications should have an ""Install with Linux"" action"
No,PreCQ failing continuously with GoB protocol error
No,Scrolling doesn't work while cursor is at window edge
No,"Extended boot time after march 24th new stable channel update, both acer chromebooks C720 and acer 15"""
No,Null-dereference READ in blink::ShapeResult::CreateForTabulationCharacters
No,Null-dereference READ in gfx::ICCProfile::Internals::Initialize
No,Null-dereference READ in SkColorSpace::gammaCloseToSRGB
No,Scroll position is persisted when location.reload(true)  or Ctrl+F5
No,Chromebook shuts off Wifi every few minutes
No,Chromebook shuts off Wifi every few minutes
No,Create offline gaia login test mixin / helper.
No,[Bug] Tool-tip is cropped in the File Manager when window is small
No,"wifi disconnect reason codes: Reason code -4 doesn't translate to ""inactivity"", shows up as unknown"
No,re-evaluate discard margin strategy
No,usb_bouncer crashing in SeccompEnforcement
No,Cannot type in the search box of Chrome Browser
No,ChromeVox skips disabled menu items
No,Add oobe.js to closure compiler.
No,"WebCursor image storage yields ""new"" bitmaps on each custom-cursor mouse move"
No,Alert on suite_scheduler-related outages
No,Frequent crash on the login screen in 75.0.3756.0
No,IsolatedInvitation destructor leads to sending messages on closed PlatformHandles
No,Tricium shellcheck comments don't show up
No,[Selfshare] In Utils check for sending flag instead of receiving flag
No,Chromebook unstable/continuously crashing upon updating to 75.0.3753.0
No,no rounded corner on launcher with background blur + new rounded corner
No,It is not possible to disable sync in first run experiance
No,[Kiosk] Loading wheel not initialized during application initialization
No,home launcher become visbile in splitscreen
No,improve the usability of the qscheduler inspect subcommand
No,Extract top domain list as a component
No,rename chromeos_config_test -> chromeos_test_config
No,Add metric to identify how many users an offline setup prompt would benefit
No,[Caroline] Few ARC apps are blinking and displayed black in color in overview mode
No,Create a policy to allow merging policy lists from different sources
No,"shill: key_file_store warns ""Failed to delete (ethernet_any:...): Key file does not have group ""ethernet_any"""""
No,suite_scheduler tests not scheduled on Skylab
No,ARC apps which are already there in the account are not synchronized
No,Website authentication failing intermittently with CAC smart card on Chrome OS
No,"atlas (and all ThP2, JfP2): netperf timeouts in wifi_perf suite"
No,Integer-overflow in shill::RTNLHandler::ParseRTNL
No,"ASSERT: eglInitialize(cookie.display, NULL, NULL)"
No,Incorrect-function-pointer-type in google::protobuf::internal::AddDescriptorsImpl
No,"Support ARC++ enterprise default on, Phase 2"
No,Gamepad Triggers Do Not Work
No,dev_install flow is broken: /usr/local/bin/emerge: /usr/lib/python-exec/python-exec2c : bad interpreter: No such file or directory
No,Security: PDF plugin is allowed to use Pepper TCPServerSocketPrivate API
No,failed to repo sync chromeos using release manifest file
No,Incorrect-function-pointer-type in base::internal::CallbackBase<
No,Bad-cast to MetricsLibraryInterface from MetricsLibrary in p2p::server::HttpServerExternalProcess::OnMessageReceived
No,Presentation time feedback occasionally failing with chromeos builds run on the desktop
No,"tast.ui.MashLogin flakily fails with ""Chrome login failed: OOBE target not found..."""
No,Renderer processes not torn down on tab close
No,youtube.com
No,"browser ""closes"" after working on the CrOS device for an indefinite amount of time"
No,"dvhsmldnabvskjabvskjghfopseduxfc,x[aeofhcg890wer-ufcpSFhgie SKwdf"
No,"dvhsmldnabvskjabvskjghfopseduxfc,x[aeofhcg890wer-ufcpSFhgie SKwdf"
No,"dvhsmldnabvskjabvskjghfopseduxfc,x[aeofhcg890wer-ufcpSFhgie SKwdf"
No,"dvhsmldnabvskjabvskjghfopseduxfc,x[aeofhcg890wer-ufcpSFhgie SKwdf"
No,Settings menu is dimed in the gmail standered view using chtrrome.
No,Regression: Update Spinner is not to see at chrome://settings/help
No,Pin unlock: Backspace / enter button positions reverse of Android
No,EAP fails to verify server against manually imported CA
No,unwritable file created in cache while installing libbrillo package
No,"Fix chrome://invalidations page to support ""off the record"" profile invalidations too"
No,Regression : Crash is seen in Sign out screen when device is in idle state
No,Regression:  Separator line is missing between security chip and URL in Omnibox
No,CHECK failure: file_offset <= static_cast<FileOffset>(end_ - start_) in disassembler.cc
No,WebViewTest.CloseOnLoadcommit is flaky on various builders
No,[bt][arc++] Paired Bluetooth Device information not persisted across power cycles
No,Chrome OS: Bluetooth health devices not discovered in settings menu
No,Remove faulty device chromeos6-row2-rack14-host15 (sentry) from inventory
No,Regression: unnecessarily screen scrolling is seen in OOBE
No,Regression: Camera currently not available screen is seen while opening camera app
No,Eliminate USER_TYPE_ACTIVE_DIRECTORY
No,Bad-cast to blink::PaintLayer from invalid vptr in blink::PaintLayerScrollableArea::InvalidateAllStickyConstraints
No,Abrt in icu_64::RegexCompile::compile
No,Acer C720 Chromebook boot time is slow
No,Clean up graphics_tests and security_tests.
No,Whitelist languageSettingsPrivate for Tast/Autotest
No,"[Audio, Ext. display] All chameleon test fail unable to start XMLRPC server since R75-12043.0.0 because autotest-private/client/common_lib/cros/assistant_util_private.py is not installed"
No,adhd memory leaks detected by asan builders
No,"ew ,zxxxxxxh"
No,ASUS Chromeboxes CN60 are randomly restarting with Kernel Panic
No,chrome.LoggedIn.Prepare can panic while calling chrome.Lock after s.Fatal
No,Disallow running sh (without absolute path) with arc.BootstrapCommand
No,"Crostini ""Share with Linux"" shares disappear when --enable-gpu is used to start termina"
No,PDF Viewer changes color code
No,Null-dereference READ in blink::KeyframeStyleRuleCSSStyleDeclaration::DidMutate
No,external/gob/nest-internal/tps/openthread corrupted
No,Multiple instances of chrome os simultaneously running.
No,Fix import I18nBehavior in supervision-transition-md.
No,Container rendering broken after update
No,ChromeOS is missing or damaged' while switching from developer mode to normal mode
No,webkit_unit_tests failing on linux-chromeos-rel and cast_shell_linux
No,Gamepad/joystick support for Crostini
No,cros_mark_as_stable occasionally fails on builders
No,Missing Uninstall item in PWA title bar menus on Chrome OS
No,request to upload sandbox-2.17.tar.xz to gs://chromeos-mirror/gentoo/distfiles/
No,Download of multi-part RAR fails with InspectRarContent enabled
No,Understandy why suite bots did not recover after quota issues
No,Alert on large number of Skylab and Suite bots entering Quaratined or Dead bot
No,Welcome screen occupies space while being hidden
No,crosvm system clock shifts over time
No,Port hardware_Memtester.quick Autotest test to Tast
No,powerd_dbus_suspend --wakeup_timeout doesn't wake up
No,crash_sender: service-failure reports against wrong OS version
No,grunt failing graphics_GpuReset since libdrm: Rebase to 2.4.97
No,##
No,Timeout in pdf_codec_fax_fuzzer
No,OEM app items regressions (OEM folder is not stable)
No,Uptick in gs crashes 11151.113.* aka M-71
No,"PiP Not available (extension shows ""NOT supported"") despite being enabled"
No,PendingAppManager makes pref_service.cc hit CalledOnValidSequence DCHECK at login
No,simplify the notifyRequest call chain in quotascheduler
No,"Gerrit uploads, Gerrit web UI and CQ are slow or failing"
No,Window appears offset in a certain edge case
No,Interaction between Night Light enable and schedule settings is unintuitive
No,Chrome doesn't ignore negative battery-time-to-empty estimates from powerd
No,Screen flickering while playing Facebook game
No,mDNS obfuscation of host candidates should be tunred off with getUserMedia permission
No,[crosperf] Disable ASLR in crosperf by default
No,Chrome crash on startup
No,Define FUZZING_BUILD_MODE_UNSAFE_FOR_PRODUCTION in fuzzer builds
No,White handle on split view divider appears incorrectly in a certain edge case
No,tricky-tot-chrome-pfq-informational provision fail (chromeos4-row2-rack3-host13 FS corruption ?)
No,Setting to remove focus ring from Select-to-Speak
No,Dual-color sentence and word highlighting in Select-to-Speak
No,Provision fails due to ArtifactDownloadError
No,termina: enable more kernel configs for docker
No,shill: routing table code cleanup
No,"[],   "
No,Break up chromeos::ScreenExitCode enum
No,Clicking and dragging to create new Google Calendar appointment is frequently broken
No,Paygen_AU Abort failures on some boards
No,Screen Orientation: fire promise after orientation change event
No,caroline-arcnext-paladin totally died during tast test ui.ChromeLogin
No,test log trimming makes logs useless
No,DCHECK when scrolling top-chrome on chromeos
No,Remove home launcher gesture flag.
No,Remove libchrome-462023-Add-backward-compatible-WaitableEvent-ctor.patch
No,Deleting app closes launcher
No,`skylab assign-duts` should accept DUT hostname
No,Omnibox flickers in SingleProcessMash
No,nassh: Can No Longer SFTP Mount
No,Detected memory leak in authpolicy in amd64-generic-asan builder
No,Detected memory leak in vm_host_tools in amd64-generic-asan builder
No,"selinux: ~20 crashdumps / day  for ""dropped sample"" error."
No,"betty-paladin failed due to lots of ""RPC call get_load has timed out on devserver"" while trying to symbolize crash reports"
No,Newly Enrolled Devices missing Metadata in cpanel
No,CHECK failure: value < std::numeric_limits<int64_t>::max() in time.cc
No,nassh: sftp mounting doesn't display password prompt anymore
No,File: Copy 4G file causes chrome to crash in barla device
No,Merge v4.4.174 into chromeos-4.4
No,Figure out right size for amount of memory Compositor can use in SingleProcessMash
No,Security: Possible to override browser-initiated navigation using WindowClient.navigate
No,"cyan-chrome-pfq timeout on HWTest due to repeated failure in ""Reset"""
No,Timeout in blink_http_parsers_fuzzer
No,arc-ureadahead fallback logic is always triggered
No,suite_scheduler per-model triggers (likely) broken by a revert
No,peach_pit-chrome-pfq timeout on HWTest
No,[Task] Same document navigation committing in a pending deletion RenderFrameHost need to be ignored.
No,Enabling Sync produces duplicate bookmarks
No,unable to copy files to shared google drive folder from the native file manager app
No,Out-of-memory in renderer_proto_tree_fuzzer
No,Regression : Default focus is seen missing in share your screen overlay of screencastify extension
No,Regression: Delay with glimpse of unwanted text is seen in chrome://settings/payments page
No,Smart Lock requiring password until after Bluetooth pairing
No,"Non-Regression: ""Text-to-speech settings"" button is seen misplaced in Select-To-Speak settings page when Minimum Font size is Huge"
No,Non-Regression: Change in Show password icon of Password field is seen when we disable and enable WiFi while signing
No,"t7fr8gyhu9ji0mk,o[pl.]'"
No,Browser crash when attempting to change extension permissions
No,Chromevox doesn't read anything useful about notes when moving through Google Keep with J and K
No,Picture-in-Picture video black frame when page goes hidden
No,Repeated Printer Setup Kills debugd
No,CHECK failure: transitions.SearchSpecial(roots.nonextensible_symbol()) == *old_map_ in map-upda
No,Canceling an install sometimes makes crostini impossible
No,Security: Stack out-of-bounds writes in WebmMuxer::AddAudioTrack
No,Linux Terminal freezes after being open for a little bit
No,ML Service: Investigate unexpected all-zero results for MachineLearningService.*.ElapsedTimeMicrosec metrics
No,Korean Hangul(Vowels) is small on the  Virtual Keyboard
No,"Term ""Australian Scrolling"" confusing for users"
No,Improve documentation around AuthNegotiateDelegateWhitelist
No,Regression: Sliding top-chrome is broken on ToT
No,Use GSS_C_DELEG_POLICY_FLAG instead of GSS_C_DELEG_FLAG for credential delegation
No,video_WebRtcPerf test flaky on daisy
No,non-passive scroll event listener warning
No,topmostwindowobserver may return incorrect window
No,attached tab-dragging stops working with touch
No,Screen Orientation: remove JB code
No,Can't put minimized ARC window into splitscreen
No,Add a policy to disable Lock Screen Notification
No,syslog logging same pid for all the process.
No,Small inaccuracy in animation effect at start and end of dragging split screen divider
No,Automatic update to Android System Webview causes active Android app to exit without warning
No,MTP/PTP is broken in 73+
No,Code review: ReadBits may return uninitialized value due to unchecked return status.