BRA,Summary
Yes,Accessibility events on ignored nodes should match equivalent tree changes
Yes,Regression: Text is seen overlapped on 'chrome://accessibility/' page.
Yes,Regression: Unnecessarily focus stays over 'Add accessibility features' option present in settings page.
Yes,All/DumpAccessibilityEventsTest.AccessibilityEventsAriaComboBoxNext/uia flaky crashing on Windows
Yes,Location of figcaption breaks figure's accessibility
Yes,Feature Request: easier to record and copy events from chrome://accessibility
Yes,One Shot Accessibility tree search is run many times with Narrator
Yes,All/DumpAccessibilityEventsTest.* very flaky
Yes,BrowserAccessibility::HasVisibleCaretOrSelection does not return correct values for caret browsing
Yes,[Autofill Auth] [Accessibility] Interstitial dialog is not read by VoiceOver on Mac
Yes,"Regression : Chrome crashes on entering any text in omni-box after clicking on Start recording button in  ""chrome://accessibility"" page."
Yes,"Regression: Chrome crashes on clicking back arrow in ""chrome://accessibility"" page after starting recording any of the page under 'Pages' section"
Yes,Accessibility issue - Not able to access the native date-picker's arrow keys by pressing the Tab key on the keyboard.
Yes,"Aria-expanded is not reflected in accessibility node, when element has role group"
Yes,Several tests output different or flaky accessibility trees on some OS's
Yes,Migrate IAccessibleText implementation from BrowserAccessibilityComWin to AXPlatformNodeWin
Yes,Unify GetText on BrowserAccessibilityPosition and AXNodePosition
Yes,"Regression: Chrome crashes when clicked on ""start recording"" in ""chrome://accessibility""."
Yes,"Regression: Chrome crashes on clicking 'Start Recording' button in ""chrome://accessibility"" page"
Yes,PDFs don't expose scroll information in Accessibility tree.
Yes,Blink does not communicate to ui/accessibility that a node has mouse listeners (e.g. onclick)
Yes,"Accessibility DOM > Table > gridcell > when gridcell is focused, then selected state is send to reader"
Yes,"Elements > Accessibility Tool is broken, appears blank for every webpage"
Yes,Focus lost when selecting a checkbox in chrome:accessibility page
Yes,chrome://accessibility unable to check box for Label images
Yes,chrome://accessibility changing checkbox status puts focus on the top of the page
Yes,Date picker popup - screenreader accessibility
Yes,Jank caused by AccessibilityHostMsg_EventBundle
Yes,The accessibility function is not reporting the AccName when the FOR attribute is used.
Yes,Should pure CSS tables be exposed as tables in accessibility?
Yes,browser_accessibility_fuzzer: Null-dereference READ in content::BrowserAccessibility::PlatformGetParent
Yes,browser_accessibility_fuzzer: Null-dereference READ in base::CommandLine::HasSwitch
Yes,Accessibility uses much CPU time on big pages with animation
Yes,"a11y: When table elements have a style=""display: flex"" they are not properly rendered in the accessibility tree"
Yes,Accessibility issue: Chrom describing page content over screen readers
Yes,Regression: Movement of 'Performance/Accessibility/Best practices/SEO' icons are seen in 'Print preview' overlay on mouse hover.
Yes,How to enable accessibility / isimpledom in chrome browser without installing firefox?
Yes,PDF accessibility tree is not getting generated for some PDFs
Yes,System DPI changes are not reflected in PDF Accessibility tree
Yes,Handle file rotation in the PDF accessibility.
Yes,Enabling web accessibility causes slower performance in Siebel Open UI after upgrade
Yes,browser_accessibility_fuzzer: Timeout in browser_accessibility_fuzzer
Yes,Improve accessibility for tab sharing content border
Yes,DumpAccessibilityTreeTest.AccessibilityLabelUpdates is flaky
Yes,Accessibility computed properties not showing associated label elements
Yes,Performance issue: chrome freezes for several seconds when accessibility enabled
Yes,PDFExtensionTest.PdfAccessibilityTextRunCrash test in webui_html_imports_polyfill_browser_tests seems to fail in official builds
Yes,Regression: [DevTools] Underline doesn't move to Accessibility/Best Practices/SEO/Progressive Web App numbers after clicking on it.
Yes,Copy for accessibility permission incorrect for some PDFs with revision 2 security handlers
Yes,PDF Accessibility tree has two kRootWebArea nodes
Yes,PDF Accessibility - Document Role is too generic
Yes,[ACCESSIBILITY] cannot tab to the X to close the Downloads bar
Yes,Support more accessibility metrics
Yes,DumpAccessibilityEventsTest.AccessibilityEventsExpandedChange/uia is very flaky on win7_rel
Yes,Accessibility:Screen reader should be notified when the user changes a setting on chrome://flags page
Yes,"Regression: ""Accessibility"" text is seen overlapping with Accessibility meter on Print Preview page."
Yes,new accessibility issues in Chromium 75
Yes,Focus ring doesn't show up on NTB in keyboard accessibility mode.
Yes,Fix and renable DumpAccessibilityTreeTest.AccessibilityIframePostEnable test.
Yes,Accessibility dump tree tests aborts with dchecks on [regression]
Yes,Accessibility:  Lack of contrast between tabs and active tab in Dark Theme
Yes,DCHECK on accessibility!ui::AXPlatformNodeWin::Navigate with a PDF loaded
Yes,accessibility no voicing of tooltips
Yes,heap-use-after-free : content::BrowserAccessibility::InternalGetParent
Yes,Level appears twice in Accessibility Computed Properties
Yes,DCHECK on accessibility!ui::AXPlatformNodeWin::Navigate with <input type=date> popup open
Yes,Access violation at BrowserAccessibility::GetInlineTextRect
Yes,Crash in accessibility!ui::AXPlatformNodeWin::get_FragmentRoot with Narrator
Yes,Accessibility: Users cannot switch tabs using [Enter] key on the keyboard
Yes,Replace child_count()/child_at()-like APIs with children() in ViewAccessibility and TreeNode
Yes,DumpAccessibilityEventsTest.AccessibilityEventsNameChangeIndirect/win is flaky on win-asan
Yes,PDFExtensionTest.PdfAccessibilityInOOPIF is flaky
Yes,Long freezes after some webpages load if Web Accessibility is on
Yes,Accessibility broken when basic authentication popup is displayed
Yes,Re-enable histogram in UpdateAccessibilityLabelsHistograms
Yes,Accessibility : aria-live + div + tabindex attribute
Yes,Accessibility tree not build when the basic authentication (http authentication)  window is displayed
Yes,Accessibility support enabled on Windows with HiDPI screens
Yes,Accessibility - links with display:table property not identified as link to JAWS and NVDA
Yes,Windows Accessibility Fixes
Yes,[Regression] Opening a doc from a Google drive link no longer fires accessibility focus events
Yes,Chrome settings crashes with accessibility features enabled
Yes,Replace ChromeViewsDelegate::NotifyAccessibilityEvent directly calling AutomationManagerAura with an observer pattern
Yes,Chrome://accessibility crashes chrome when clicking 'html' when tree is open
Yes,NVDA does not read the Accessibility menu options in Google Docs
Yes,"Media Controls Accessibility: Volume slider should read ""56%"" instead of ""0.56"""
Yes,"Support accessibility ""default"" state for submit buttons in views"
Yes,"Support accessibility ""default"" state for submit buttons in HTML"
Yes,Potential Use-After-Free in ui/accessibility/ax_tree.cc
Yes,Harmonize the firing of accessibility focus events when a window/tab becomes active
Yes,Native and Web Accessibility fails to get enabled
Yes,AccessibilityEventRecorderWin issues
Yes,"Accessibility features detection is not working any more, as of 69"
Yes,Accessibility APIs not enabling on Chrome on Windows
Yes,Chrome is enabling accessibility support on Windows too often
Yes,Chrome's web accessibility support causes massive performance issues
Yes,Flaky DumpAccessibilityTreeTest on Win10 Tests x64 (dbg)
Yes,chrome://accessibility text contrast too low
Yes,Performance issue: TextArea very slow when accessibility API turned on
Yes," Chromium's accessibility implementation is choosing to ignore children of ARIA role=""tab"""
Yes,"Accessibility panel in dev tools is blank, creates ""Error could not instantiate"" error"
Yes,superG in omnibox accessibility
Yes,"Add ReadableBlendTowardContrastingColor(), use for tab titles and other accessibility-sensitive cases"
Yes,"""DumpAccessibilityTreeTest.AccessibilityIframeTransform"" is flaky"
Yes,A11y: chrome://accessibility: JAWS and NVDA lose all role and state in a tab when viewing accessibility tree
Yes,Drive results need a ::ToAccessibilityLabel
Yes,Internal chrome://accessibility page crashes due to favicons
Yes,Regression : 'Accessibility' window appears blank in 'Element' section of devtools.
Yes,Add an accessibility label to the tab switch button
Yes,Add tab switch announcement to accessibility label
Yes,Create appropriate accessibility text for omnibox rich entity suggestions
Yes,DumpAccessibilityEventsTest timeout often on Windows
Yes,Can I use this method to retrieve all opened urls? chrome://accessibility/targets-data.json
Yes,Heap-use-after-free in content::RenderFrameImpl::PostAccessibilityEvent
Yes,A11y: Chrome://accessibility Similar controls are not identified consistently
Yes,A11y: Chrome://accessibility Screen reader users do not know when expandable content is available or when it appears
Yes,chrome://accessibility Chrome Native UI tree can't be hidden
Yes,A11y: chrome://accessibility the controls on this page do not have clear descriptions
Yes,A11y: chrome://accessibility it is difficult for screen reader users to understand where one section begins and ends
Yes,A11y: Chrome://accessibility page loses focus on change with NVDA and ChromeVox
Yes,Media Controls: accessibility: improve verbalisation
Yes,Element not exposed to accessibility tree when it is set to display: contents
Yes,Use all language signals from renderer when setting the default language attribute on the root of the accessibility tree
Yes,Media Controls: expose currentTime in slider accessibility value description
Yes,Change accessibility labels for More Actions buttons in chrome:settings/passwords
Yes,Regression: Button icon for 'Add accessibility features' is not seen in chrome://settings/accessibility page
Yes,Downloads bar accessibility presentation could use some polish
Yes,HTML optgroup elements and their labels not represented in the accessibility tree
Yes,Chrome Dev tools unable to copy/paste from Accessibility computed value window
Yes,Proper accessibility implementation of TreeView and TableView
Yes,content_browsertests AccessibilityFullscreenBrowserTest.InsideIFrame is flaky on multiple CQ trybots
Yes,"""DumpAccessibilityTreeTest.AccessibilityIframePadding"" is flaky"
Yes,Accessibility: Unlabeled buttons in Language Settings
Yes,[root layer scrolls] DumpAccessibilityTreeTest fails
Yes,[root layer scrolls] AccessibilityHitTestingBrowserTest fails
Yes,RenderAccessibilityImpl::SendPendingAccessibilityEvents can take a long time
Yes,Blink accessibility should keep track of what characters changed in a static text node
Yes,Potential memory leak of BrowserAccessibilityWin/BrowserAccessibilityComWin
Yes,NavigationAccessibilityTest.TestNavigateToNewUrl flaky CHECK failure
Yes,Accessibility Properties tab unusable in dark theme
Yes,A11Y: Table row header missing children in accessibility tree
Yes,"OneShotAccessibilityTreeSearchTest.VisibleOnly content_unittest fails in windows, mac and linux official builder."
Yes,DumpAccessibilityEventsTest.AccessibilityEventsLiveRegionRemove failing on Windows
Yes,Bad-cast to blink::LayoutBox from blink::LayoutInline;blink::AXLayoutObject::AccessibilityHitTest;blink::WebAXObject::HitTest
Yes,AXTree::Unserialize() CHECK failure in PdfAccessibilityTree::Finish().
Yes,Add Accessibility Text for Global Error Icon
Yes,Chromium only emits the correct accessibility events when a composition based language is used e.g. chinese which prevents windows magnifier focus from focussing on the text insertion cursor
Yes,"FEATURE REQUEST: Video autoplay abuse is an accessibility and usability nightmare, possible solutions?"
Yes,[Missing Tests]: BrowserAccessibility::RelativeToAbsoluteBounds() ignores frame_only
Yes,Accessibility rectange for address bar is wrong (on high DPI display)
Yes,ui/accessibility/ax_event_generator.h doesn't compile on win clang dbg
Yes,BrowserAccessibility::RelativeToAbsoluteBounds() ignores frame_only
Yes,ARIA grids with authoring errors drop content from accessibility tree
Yes,Make the platform accessibility code internationalization aware
Yes,Chrom + ChromeVox - Accessibility - Live-region- not announcing the updated table
Yes,"Regression: [DevTools] Nothing happens on clicking ""Performance/Accessibility/Best Practice"" under 'Audits' section."
Yes,Need different accessibility information for bookmark folders in bookmarks bar
Yes,ChromeVox Accessibility Focus lost on overlay open
Yes,ChromeVox Accessibility Link within table not accessible
Yes,Missing accessibility  information for images in LabelButtons.
Yes,Accessibility with JAWS: JAWS reads previous input after tabbing in Bootstrap Modal
Yes,DumpAccessibilityEventsTest tests disabled or flaky
Yes,Spans with IDs should be exposed in the accessibility tree
Yes,A heading inside a button is not exposed as a heading in the accessibility tree.
Yes,MD Settings: Iron-list accessibility in passwords page
Yes,The virtual keyboard is showing hidden (accessibility) text on keyboard keys.
Yes,Merge the ScreenReader and HTML accessibility modes on Windows
Yes,Double check we have tests for BrowseAccessibilityManager::UserIsReloading
Yes,"Some pages are missing accessibility content [example, Ariane]"
Yes,ABBR element accessibility
Yes,Accessibility: Dialog role does not anounce correctly
Yes,Accessibility: JAWS not reading aria-describedby on role toolbar
Yes,Accessibility: Chrome crashes when downloading file
Yes,Flickering of grey focus highlight on 'External paper button icon' is seen in chrome://md-settings/accessibility.
Yes,"Regression: in chrome://accessibility, incorrect focus position is seen on pressing Tab key."
Yes,Accessibility Tree: Grid only have 1 row
Yes,Accessibility issue: List items have a default_action = click
Yes,"Permission bubble image should not have ""image"" accessibility label."
Yes,"Accessibility issue: Hypertexts contained w/in an element w/ a ""click-and-mouse-related"" event listener are ""clickable"""
Yes,PrintPreviewDialogControllerBrowserTest.PrintPreviewPdfAccessibility is spammy
Yes,"Accessibility hit testing is inaccurate on Windows, Mac, & Linux"
Yes,Track usage of all Windows accessibility APIs via histograms
Yes,Large amounts of flakiness in accessibility content_browsertests
Yes,Spelling errors don't get exposed to accessibility until next change to text
Yes,Date picker popup - screenreader accessibility
Yes,Mnemonics not exposed to accessibility in Chrome menus
Yes,Null-dereference READ in blink::AXNodeObject::NativeAccessibilityRoleIgnoringAria
Yes,Accessibility of the sign in dialog in chrome canary is completely broken
Yes,PopupMenuChromium does not have accessibility hooks.
Yes,[Accessibility] Extensions buttons and menus need MSAA information
Yes,[Accessibility] Web content nodes are missing MSAA information
Yes,[accessibility] Bookmarks bar is missing some MSAA information
Yes,[accessibility] Unable to navigate through extensions in Chrome toolbar
Yes,[Accessibility] Booksmarks menu doesn't have an accessible name
Yes,[Accessibility] Document root node in MSAA tree should display page title
Yes,Turn renderer accessibility on by default
Yes,Chrome Frame does not enable current renderer accessibility flags
Yes,Accessibility tests' use of indices to locate views is error-prone
Yes,Accessibility UI tests should not use global FindWindow/EnumWindows etc functions
Yes,Bad dependencies from chrome/views into chrome/browser in view accessibility code
Yes,AccessibilityWinBrowserTest.ContainsRendererAccessibilityTree FAILS
Yes,"Chrome 6 Windows Active Accessibility - URL ""Location"" not initialized"
Yes,Accessibility:  new context menu's in bookmarks bar not firing proper events
Yes,AccessibilityWinBrowserTest.TestRendererAccessibilityTree after Webkit Roll 62670 -> 62844
Yes,Expose heading level to accessibility APIs
Yes,Expose DOM node display style to accessibility APIs
Yes,Crash - WebCore::AccessibilityTableColumn::headerObjectForSection
Yes,[Accessibility]: Chrome isn't firing EVENT_OBJECT_FOCUS on a custom child view when calling SetFocus on a native window of a widget.
Yes,[Accessibility] Add Accessibility name for native buttons.
Yes,Microsoft Active Accessibility: no way to get the *name* html attribute of web controls
Yes,"[Accessibility] Support WAI-ARIA roles alert and alertdialog, as well as associated focus changes"
Yes,Flaky (crashing): BrowserViewsAccessibilityTest.TestToolbarViewAccObj
Yes,Accessibility: NVDA and Canary: Not all text on pages is read while using arrow keys.
Yes,Text area accessibility tracking is ludicrously slow
Yes,Renderer crash in accessibility code (100% reliable)
Yes,Shared build crashes in the accessibility code due to ATL module dependency
Yes,NativeViewAccessibilityWin::get_accFocus doesn't set the vt correctly for a focused child element
Yes,The AccessibilityNotificationBlur event in the chrome browser code should transition focus away from the control
Yes,Chrome: Crash Report -  RendererAccessibility::BuildAccessibilityTree
Yes,"Regression: select multiple (""list box"") accessibility on Windows"
Yes,AccessibilityTreeFormatter output is noisy
Yes,Some accessibility tests fail on Win build
Yes,"AccessibilityAria{Menu,Level} is failing"
Yes,Accessibility location returned by Chrome is incorrect after scrolling page
Yes,Accessibility location returned by Chrome is incorrect after scrolling page
Yes,DumpAccessibilityTreeTest.AccessibilitySvg fails after Blink r155083
Yes,Chrome: Crash Report - Magic Signature: views::NativeViewAccessibilityWin::get_accChild
Yes,Renderer process crashed on specific webpages when accessibility feature is active
Yes,Win aura needs accessibility hit testing
Yes,Win Aura: web contents modal dialogs don't show up in accessibility tree
Yes,FATAL:browser_accessibility.cc(199)] Check failed: role_ == blink::WebAXRoleStaticText
Yes,Implement HTML5 <output> accessibility mapping
Yes,Better accessibility role for object/embed elements
Yes,Blockquote elements sometimes filtered out of accessibility tree
Yes,Accessibility focus event not fired when document focused other than by tab key
Yes,Chrome: Crash Report - [Assert] content::BrowserAccessibilityWin::get_accParent
Yes,CHECK failure in content::BrowserAccessibilityWin::get_accParent when used with ZoomText
Yes,Regression: No effect on clicking on 'Global accessibility mode' toggle button
Yes,Accessibility event not fired when description changes
Yes,Regression: Accessibility to explore the 'Google map' is broken.
Yes,Add accessibility features to --new-avatar-menu
Yes,DCHECK hitting in RenderWidgetHostViewBase::CreateBrowserAccessibilityManager
Yes,"UNKNOWN in std::_Hash<stdext::_Hmap_traits<int,content::BrowserAccessibility *,stdext:"
Yes,Duplicated accessibility state between location bar view and omnibox view
Yes,LanguageOptionsWebUITest.TestListTabAccessibility is flaking
Yes,Accessibility: add tab and keyboard navigation to Windows user menu
Yes,Remove RendererAccessibilityFocusOnly and associated state flags
Yes,DumpAccessibilityEventsTest.AccessibilityEventsTextChanged fails on DrMemory bot
Yes,Refactor Windows accessibility event code based on mostly tree updates rather than Blink events
Yes,SitePerProcessAccessibilityBrowserTest.CrossSiteIframeAccessibility is flaky on CrWinAsan tester
Yes,"Regression: In chrome://accessibility, delay is observed on clicking show accessibility tree/hide accessibility tree link button. "
Yes,Regression: Unnecessarily focus stays over 'Add accessibility features' option present in settings page.
Yes,Failed variable initialization leads to disability to assign value to it later
Yes,Screen reader announces the title of  a modal dialog each time focus is moved to a control
Yes,Text in <strong> or <em> elements inside of a <label> element is not read by screen readers
Yes,Cannot log in to Costco with some screen readers
Yes,Chrome with screen reader hangs up on drop down menu on Amazon
Yes,A11Y: Chrome Version/Screen reader : User is unable to retrieve Chrome version using screen reader
Yes,A11y - Screen reader buffer goes blank when visiting interstitial page
Yes,Security chip drag and drop: no equivalent for keyboard/screen reader users
Yes,"Screen readers not reading toast after toggling ""Allow Chrome sign-in"" in Settings "
Yes,"The close button on the chrome crash bubble view is not set as a focusable object therefore, trapping the screen reader user inside the dialog"
Yes,[Missing Test]: AX focus events not consistently firing in iframes [was: Screen reader is not able to interact with contents of iFrame.]
Yes,"Screen reader announce ""Exiting search mode"" when activating chrome search in Chrome canary & dev version"
Yes,Screen Readers do not read message in Javscript Alert or Confirm
Yes,Screen reader focus should be on PDF document
Yes,Screen readers should read out changes in dependent settings
Yes,"In edit field, Screen reader reads the last line ends with space as blank"
Yes,A11Y: Chrome Browser: Chrome performance/memory management issue while reading a large html file with a screen reader
Yes,"Chrome ""add person"" icons not indicating selected status to screen reader users"
Yes,A11y: Extensions: When setting a keyboard shortcut there is no notification to screen readers
Yes,alert dialogs not automatically reading body with screen readers
Yes,"Time A11y: Pop-up needs to announce time, and Esc needs to correctly hide from screen reader"
Yes,"Color A11y: pop-up and its inner UIs need to announce their states/values, and trap screen reader focus"
Yes,Screen reader in endless loop in Omnibox drop-down
Yes,Range is not operable when a screen reader is on
Yes,Color picker pop-up doesn't open with keyboard when screen reader is on
Yes,Screen reader user is unable to linear navigate to device listed on requestDevice dialog
Yes,A11Y: Chrome is crashing when closing tabs (press Ctrl+W) while screen reader is enabled
Yes,"Screen reader: does not respect CSS direction RTL, reads left to right"
Yes,A11y: Screen readers do not verbalize erased words in Braille mode in Google Docs
Yes,"Screen readers + keyboard only unable to access clear/stepper buttons inside input types date, time, number"
Yes,Tab switching announcement seems to be inconsistent  with NVDA and Jaws screen reader
Yes,Cookie controls toggle not read by screen reader
Yes,"Screen reader says ""send alert"" or ""alert send"" after first time using ctrl + l after opening"
Yes,Show/hide password button in the save password bubble does not announce toggle event to screen readers
Yes,Permission indicators do not announce themselves for screen readers
Yes,Accessibility issue: Chrom describing page content over screen readers
Yes,Play/Pause button on PictureInPicture window does not get screen reader focus with Narrator
Yes,Chrome + Docs: menu related keyboard focus moving to the wrong location with screen readers on
Yes,Asymmetrical move-by-word causes confusion in screen readers
Yes,Chrome hangs/crashes when attempting to sign into a Google account with screen reader enabled
Yes,crash on mouse hover with screen reader
Yes,"Headings no longer marked on chrome://downloads, hard for screen reader users to navigate"
Yes,a11y: PWA dialog not available to screen readers
Yes,Unable to navigate some pages using screen reader
Yes,Audio controls: screen readers reading time incorrectly
Yes,Screen reader reads out labels twice
Yes,Screen reader + Slides HTML presentation mode - copy and paste
Yes,Screen reader + Slides HTML presentation mode - speaker note ambiguity
Yes,Screen reader + Slides HTML presentation mode - focus issue after switching applications
Yes,Screen reader + Slides HTML presentation mode - tables not recognized as tables
Yes,Screen reader + Slides HTML presentation mode - same page link focus issue
Yes,Screen readers reading tab-modal bubble contents many times
Yes,AX focus events not consistently firing in iframes [was: Screen reader is not able to interact with contents of iFrame.]
Yes,Auto-described images in a live region are all announced by screen reader
Yes,Touch with a screen reader doesn't work in the frame
Yes,screen reader capability on contex menus lost after translation
Yes,Site settings > 'VR session in progress' label with 'End' button is described as a list when read with JAWS screen reader.
Yes,Chrome crashes with pointer over maps with screen reader
Yes,Accessibility:Screen reader should be notified when the user changes a setting on chrome://flags page
Yes,Screen Reader Issues on Download Warning UX (Windows)
Yes,Chrome browser: Screen reader doesn't detect correctly table with enclosed treegrid
Yes,Screen reader too verbose when reading time remaining in a media file
Yes,"HTML5 ""Select Multiple"" not working with screen readers"
Yes,Aria live region changes not interrupting screen readers
Yes,Tab controls in cookie dialog not read by screen readers
Yes,chrome://downloads no headings for screen reader navigation
Yes,Screen reader announces progress bar updates even when focus moves away from slider
Yes,A11Y: Chrome Browser- Screen reader does not read a long text (<16000 characters) in <textarea> form field on Chrome but it reads on other browsers (e.g. firefox)
Yes,Fix screen reader label for Drive results in omnibox
Yes,Only the first misspelled word is indicated by screen readers in edit fields
Yes,First line of Omnibox popup is read incorrectly by screen readers
Yes,The network panel is extremely inaccessible for screen reader users
Yes,NVDA - Screen reader tool is not working in latest version of chrome
Yes,[Navi] Desktop IPH Pilot: Announce CTRL+SHIFT+T shortcut on screen readers when bubble appears
Yes,HTML version does not have table in right version markup for screen readers
Yes,Screen reader announces 'blank' or 'table' before each cell
Yes,Screen reader focuses out of menus in Sheets
Yes,Chrome amp form alert not announced by screen readers
Yes,Tables are invisible on some pages while using a screen reader
Yes,Screen Readers can read the contents of iron-a11y-announcer
Yes,Screen reader does not read new button options in Drive
Yes,Screen reader does not automatically focus on restore pages dialog with multiple running profiles
Yes,Screen reader doesn't read <label for> pointing to element <div role='text'>
Yes,Chrome + screen readers not interpreting H4s on a page where Firefox does
Yes,Credit Card save dialog: NVDA screen reader reading table indices for table that shouldn't exist
Yes,Screen reader is unable to focus on close button in restore pages UI
Yes,"Cross platform: HTML5 controls: with input type=""file"", screen reader saying nothing or ""no file selected"" when one was selected"
Yes,Screen reader does not indicate multiple file selection in drive
Yes,"In Reset Settings dialog box in chrome://settings, focus doesn't goto “current settings” hyperlink through linear navigation using screen readers"
Yes,chrome://Settings screen reader focus unexpectedly jumps to top of page
Yes,Large text files are truncated in screen reader presentation
Yes,"Screen reader not reading text associated with ""disable"" button for UI restricted by extensions"
Yes,A11y: heading styled as display:table is not indicated by screen readers
Yes,Using screen reader's default navigation keys (E.g. Control-Option-Arrow keys on Mac) doesn't allow the stop casting button to get focus.
Yes,a11y screen readers: resuming from sleep requires refresh of Docs and Sheets
Yes,"A11y: chrome://extensions, details page lacks headings, landmarks, etc. for screen readers"
Yes,a11y: screen reader not prompted to relaunch on chrome://flags page
Yes,A11y: Chrome://settings menu does not move screen reader focus to the selected option
Yes,a11y: voice search button on NTP not recognized as a button by screen readers
Yes,A11y: chrome://settings/clearBrowserData screen reader reports two roles for each checkbox
Yes,Screen reader does not report title of find dialog
Yes,Device selection state unclear with screen readers.
Yes,"Info type error messages cannot be reached and highlighted using keyboard, and read by screen readers."
Yes,"No devices found question mark button doesn't have screen reader label or clear selection highlight, and key to open link is unclear."
Yes,No devices found does not have a label for screen readers.
Yes,a11y: HTML labels ignored for checkbox or radio button to avoid double speaking from Windows screen readers
Yes,Screen reader does not read title of print UI
Yes,A11y: chrome://downloads and chrome://extensions screen reader should announce number of search results
Yes,Screen reader does not announce title of developer tools
Yes,Screen reader does not automatically read dynamic updates during installation of Chrome
Yes,A11y: chrome://bookmarks Screen readers do not automatically activate forms/focus mode
Yes,A11y: chrome://bookmarks indexes are not announced by screen readers
Yes,Screen reader does not always read the label of buttons in report an issue dialog
Yes,Screen reader does not focus on magnifier dialog with shortcut
Yes,Fix screen reader value for Order Summary section of Payment Sheet
Yes,[PIP] Add screen reader support
Yes,"Misspellings, grammar, superscript, subscript, ins, del are not read by screen readers in contenteditable"
Yes,Auto fill menu not accessible with NVDA screen reader
Yes,A11y: Chrome://accessibility Screen reader users do not know when expandable content is available or when it appears
Yes,Chrome + Docs + screen readers - incorrect verbalization around deleting
Yes,Screen reader doesn't consistently read download estimates;differentiate between download times
Yes,A11y: chrome://accessibility it is difficult for screen reader users to understand where one section begins and ends
Yes,Title: Screen reader does not announce current webpage when focusing between Chrome and another window.
Yes,The form validation error messages should be exposed to screen readers
Yes,a11y: dialog not read by screen reader if focus is on default button
Yes,a11y: Screen reader not reading the zoom percentage when changing zoom level in the Chrome menu
Yes,a11y: Notifications that include tables for contents are not read by screen readers
Yes,a11y: Button labels in various dialogs read twice by screen reader
Yes,a11y: making Chrome its smallest size freezes with screen reader use
Yes,a11y: Chrome + Google Docs + screen reader Alt key release timing changing intended keystroke action
Yes,a11y: Chrome switch person dialog does not have meaningful title for screen readers
Yes,a11y Bookmarks dialog > edit unclear if list or tree to screen reader user
Yes,a11y: screen readers not reading note text in Google Keep
Yes,Chrome a11y: screen reader not reading page after it is loaded from a link
Yes,a11y Passwords page: screen reader not reading after dismissing view password Windows dialog
Yes,a11y Chrome Omnibox: popup blocker not getting attention of the screen reader
Yes,Screen readers incorrectly reads snackbar messages twice
Yes,Omnibox screen reader access: speak answer text when selected in suggestions
Yes,A11Y: File downloads are not announced to screen reader users
Yes,A11y: screen reader behavior inconsistent with tables in Quickbooks Online
Yes,a11y: Unable to invoke Chromecast button with JAWS screen reader
Yes,Chrome announces an <a> element without href attribute as clickable in screen readers
Yes,javascript alert() dialog not announced in screen readers
Yes,Screen reader not reading the zoom percentage when changing zoom level in the Chrome menu
Yes,[A11y assessment] screen reader unable to tab to buttons when home button enabled
Yes,[WebPayments] Screen reader does not always focus on title
Yes,Unable to expand or collapse the details element when using Jaws or NVDA screen readers
Yes,"""Renderer unresponsive"" dialog comes up when using Jaws screen reader on long webpages"
Yes,"Win acessibility: READONLY state missing, breaks screen reader virtual buffers"
Yes,Double focus events firing and disrupting screen readers
Yes,Screen reader ignores aria-expanded property of the tabpanel when expansion state controlled by tab
Yes,no line breaks when rendering code blocks with a screen reader
Yes,[MD Settings] Radio button issues with screen readers
Yes,Screen readers not reading angular bootstrap datepicker
Yes,[A11y Assessment - NTP] Issues with using voice search with a screen reader
Yes,[A11y Assessment - Toolbar] Not able to access the volume controls in tabs with keyboard + Screen reader
Yes,[A11y Assessment - Omnibox] Screen reader improvements needed when bookmarking page with star icon
Yes,Chrome and screen readers: Underline format is not read
Yes,Windows: Screen readers don't work correctly on 200% DPI
Yes,Audio ducking with Screen Reader when Chrome fires audio event
Yes,Screen Reader No Longer Able To Read Page Alerts
Yes,"a11y: security chip > cookies dialog missing labels, not read by screen readers"
Yes,Read-only text fields should be announced as such by screen readers
Yes,JAWS screen reader announces page title instead of modal document title
Yes,Screen Reader: no scroll event is fired when reading content that is out of frame
Yes,"Div with role=""math"" is not read using a screen reader"
Yes,A11y: Page layout not properly conveyed to screen readers
Yes,"using screen readers, Chrome is not allowing to interact correctly with Multi-line edit controls where a text was previously edited."
Yes,It's not possible to review typed content in edit fields with arrow keys when using screen readers.
Yes,NVDA screen reader reads the 'Telugu' language w/o clarity
Yes,NVDA screen reader not reading the reload action
Yes,Poor Windows screen reader feedback when initially navigating to a new url
Yes,"Screen Reader support for ""Enter Password"" field for Profile Lock"
Yes,Chrome with screen reader hangs up on drop down menu on Amazon
Yes,alert dialogs not automatically reading body with screen readers
Yes,Range is not operable when a screen reader is on
Yes,Chrome browser hangs and is unoperable when kept unattended for some time
Yes,Make scrollLeft consistent and interoperable in RTL
Yes,Regression: Unnecessary element inspection focus is seen on entire right subtitle in incognito window after increasing minimum font size.
Yes,Netflix subtitles wont go away
Yes,WebVTT subtitles goes to top of video area
Yes,The video player captions context menu doesn't distinguish between subtitles and closed-captions
Yes,The subtitle in the video sometimes stuck when playing video file or playing remote video using webrtc
Yes,Regression : Unable to scroll 'Subtitles' drop down list using mouse wheel for Google Doddle.
Yes,"A bug on youtube Full screen function on any video, quality, speed, quotation, subtitles"
Yes,Subtitles in HLS not being displayed
Yes,Old subtitle track is not deleted on 'src' attribute change
Yes,Regression: Unnecessary element inspection focus is seen on entire right subtitle in incognito window after increasing minimum font size.
Yes,Blinding flash of white when opening new tab
Yes,"a11y: security chip > cookies dialog missing labels, not read by screen readers"
No,Incorrect scale in Print Preview
No,feature request: option to view pdf book-like
No,addTrack doesn't appear to reuse available RTCRtpTransceiver (Unified Plan)
No,Security: UAF in FileWriterImpl
No,Roll closure compiler to latest version Version: v20190106
No,CSS column-count renders object on wrong column
No,Enable Media Session API on desktop
No,since 71 WebRTC video/sounds in javascript new popup are not automatic played
No,Fix spacing of icons in Autofill section (Settings)
No,Slow startup related to crash_reporter::SetUploadConsent
No,Figure out navigator.contacts on non-Android platforms
No,0%-0% regression in chrome.dll.pdb at 623152:623156
No,"4.7%-244.7% regression in frame_times,thread_raster_cpu_time_per_frame at 621730:621951"
No,Removing the breakpoint while setting up a condition breaks the the chrome dev tools
No,Browser goes black intermittently on primary monitor
No,Null-dereference WRITE in webrtc::video_coding::DecodedFramesHistory::InsertDecoded
No,Artifacts on chrome window when dragging over top of chrome window
No,CAPTCHA suggestion blocks CAPTCHA image
No,Search string color schemes need to take into account background
No,Regression: Square patch is seen at the right bottom of the video in print preview.
No,Mistype at 'no connection' webui page
No,We add fire base notification .We need multiple notification in multiple device in single post
No,[Password Generation] Generated password is not copied to a confirmation field on users.wix.com
No,Regression: Buttons on preview page are not seen properly after increasing font size.
No,Regression: Focus is lost from print preview overlay after dismissing 'Select a destination' overlay.
No,Regression : 'Fit to page' option remains checked even when 'Scale' value is set to default (i.e 100).
No,Regression:Continuation dots are not seen for long destination on print preview page.
No,Regression:[Print]Print destination does not change on pressing up arrow on Destination dropdown.
No,Regression: Unwanted extra space is seen on 'Destination' drop down list of Print Preview page
No,Regression: Focus on shifts to Print Button when changed destination.
No,If no listeners reply to chrome.runtime.onMessageExternal the callback doesn't fire
No,301 Redirected requests not intercepted by Chrome WebRequest API
No,Regression: Unable to traverse the overflow menu options using 'Up' & 'Down' arrow keys
No,Regression:Button border on 'cookies in use' page is not seen for zero cookies.
No,Site details page usage data doesn't include local storage data.
No,Regression: Wrong right click context menu is displayed for Chrome logo on chrome://welcome page.
No,Regression: [PIP]Focus skips and does not shift to 'Back to tab' icon after pressing tab for the first instance
No,Rename Comodo CA to Sectigo for Mammoth and Sabre CT Logs
No,50-100x performance regression due to Array.prototype.splice
No,Web UI: Non action-buttons get blue border instead of background on hover
No,Flaky ASSERT on angle_end2end_tests on Win10 FYI Debug (NVIDIA)
No,"Chrome Canary 73.0.3672.0 no longer displays PDF documents through <iframe>, <object> nor <embed>"
No,SVG arc interactions cause glitches when filling
No,Allow admins to specify contact instructions in Chrome's startup dialog for managed browsers
No,this wasm example crashes chrome
No,"Not showing ""Processing..."" message after response from payment handler."
No,PerformanceObserver.supportedEntryTypes doesn't understand origin trials
No,torch on Win 10 enterprise on Panasonic tablet not working when it should
No,CSS style is marked read-only when it should be changeable
No,Can't replace URL of opened tabs (opened with JS) in some cases
No,Timeout in feature_policy_fuzzer
No,sandbox/win/sandbox_poc/pocdll/spyware.cc uses ::GetAsyncKeyState() incorrectly
No,"Reduce default Run() timeout in tests, and apply it more widely."
No,web_input_event_builders_win.cc uses ::GetAsyncKeyState() incorrectly
No,WebRTC uses ::GetAsyncKeyState() incorrectly
No,third_party/glfw is using GetAsyncKeyState incorrectly
No,ANGLE handles GetAsyncKeyState() incorrectly
No,JS exception for first Chromium start related to getProspectiveUILanguageName_ function on the settings page
No,Opacity randomly ignored
No,Notification image / icon served over HTTP is not displayed
No,Layout Test external/wpt/css/css-backgrounds/background-image-first-line.html is flaky
No,Unlisted Chrome Extension still being indexed on Google
No,Accessing chrome://management Causes a crash
No,Eager evaluation can lock up the tab if the code takes a long time to run
No,NVDA doesn't announce  that multiple checkbox was checked
No,Regression: PDF toolbar doesn't disappear on clicking 'Fit to page' button
No,Regression: Unwanted focus ring is shifted to URL after canceling download from chrome://downloads page
No,Regression: Focus is seen on Avatar contents even after tap-touch on wrench icon.
No,Play/pause button in Picture-in-Picture window is not always visible for src= video
No,Null-dereference READ in webrtc::video_coding::DecodedFramesHistory::WasDecoded
No,Regression:Media player and its controls flickers while reducing the width.
No,Regression:Blue focus ring on media controls is seen chopped on pressing tab key.
No,ERR_SPDY_PROTOCOL_ERROR randomly on XHR request
No,Regression:  [DevTools] 'Source map URL' text-box doesn't appear under 'Sources' section.
No,"Each site shows ""Aw, Snap!"""
No,Crash in webrtc::video_coding::DecodedFramesHistory::InsertDecoded
No,Regression:Unwanted blue focus ring is seen after clicking on text under chrome://settings/content/flash
No,Regression:Volume slider keep jumping back and forth on mouse hover.
No,Null-dereference READ in GURL::spec
No,Canary hangs because of network and Windows needs to be restarted for network to work
No," link elements that have a href attribute do not match "":link"" pseudo-classes"
No,Google US English TTS voice alternating between male and female
No,WebUI Polymer 2: Add ability to specify Polymer version per chrome:// WebUI page.
No,Add forcable middle slot promo for testing
No,PageActionIconViews disappear when omnibox is focused first time
No,Validate/remove base_url_for_data_url passed from renderer
No,Ensure renderer processes are locked before a navigation is committed
No,"""Addresses and more"" title seems misleading"
No,DCHECK: proxy->position() != kNoSourcePosition
No,very hard to quit malware page since google not block fullscreen
No,Rare ACCESS_VIOLATION_EXCEPTION when closing browser w/ VR notification displayed
No,"LIMITED_MEDIA_LOG(ERROR, ...) doesn't work on Windows"
No,"Sanitizer CHECK failure in ""((0 && ""returned from reporting deadly signal"")) != (0)"" (0x0, 0x0)"
No,//ui/base:base depends on //ui/events:events
No,NEEDS_FEEDBACK crbug.com/591099 virtual/bidi-caret-affinity/editing/selection/modify_extend/extend_by_character.html
No,"FFmpegDemuxer reports ""Format conversion failed"" when player video captured by getDisplayMedia API"
No,Add reporting info to chrome://management on desktop
No,Timeout in sqlite3_dbfuzz2_fuzzer
No,Navi: Histogram in module_metrics_proxy.js doesn't match histograms.xml
No,"Laggy ""New tab"" animation for a minute after launching Chrome."
No,Add disclaimer that OS level monitoring might be present to chrome://management
No,Add Observer for permission changes to ChooserContextBase
No,canary shutdown suddenly
No,Fuzz chrome/chrome_cleaner/parsers/shortcut_parser
No,Add browser tests for the sync service & Incognito mode interaction
No,"Chrome Extension, Message Passing - Long Life Connection"
No,SingleSignOn not working on headless mode
No,Janky scrolling on TheVerge
No,sequence-point warnings from gcc8 compilation
No,Security: UAF in MidiManagerWin
No,"""mousemove"" event fired (influenced) by other desktop app on Windows"
No,Regression:Movement of text is seen after clicking on overflow menu of PiP.
No,Video with no audio in Picture-in-Picture is paused when tab is hidden
No,Regression: Glimpse of button border is seen on reloading the chrome://settings/searchEngines page
No,Validate/fix auth error handling in SyncAuthManager
No,Regression: Footer area is displayed at the top in print preview page.
No,Disclosing stored User credentials
No,Regression: Progress bar does not meet scrubber dot when width is modified to '800'.
No,UnShowing blackboxed scripts
No,Regression: [DevTools] Unnecessary Console drawer window gets opened under Sources section.
No,Sync USS migrator drops progress marker if zero entities to migrate
No,SharedArrayBuffers sent to webworkers exhausts memory and crashes tab.
No,[LowDPI] contenteditable inline-block div incorrect scrollWidth if overflow is not visible
No,WebApps: Fix profile-type related issues for Web App keyed services.
No,ExtensionApiTest.StubsApp runs API test on unsupported platform
No,Regression:Video on first tab doesn't play in its original size after entering PIP mode on second tab.
No,Regression: Broken UI for chrome://history page is seen after reloading page.
No,Tracks not added to the SDP when generating an answer (Unified Plan)
No,Hangouts persists when switching profiles
No,Regression: Extension icon is not properly aligned inside wrench menu
No,DevTools Search text is black in dark mode
No,PopUnder Archived Using window.open twice
No,after range.setStart new characters appear in previous node
No,Timeout in csv_reader_fuzzer
No,Security: Debug check failed: nary->op() == Token::COMMA in V8 parsing
No,Getting 504 error from fcm - while trying to implement web push
No,"Chrome exits on startup with e0000008 due to corrupted ""Local State"" on chrome!base::`anonymous namespace'::OnNoMemory+0x24"
No,"AudioWorkletProcessor, process() return value Interpretation is different from specification."
No,[DevTools] unable to deselect when edit an element by mouse double click.
No,Security: Download Protection Bypass
No,"Scope display two different ""this"" representations when ""this"" is referred to in local scope"
No,Can not insert new location on omnibox while on fullscreen mode
No,Windows x64 jumbo build bot broken
No,Build failure when compiling ulp_language_code_locator.cc on Windows in a jumbo build
No,Heap-buffer-overflow in sqlite3BlobCompare
No,"Google chrome title bar font is gray on gray for ""gray dark"" accent color on Windows 10"
No,Update polymer-bundler to version 4.x
No,saveAsMHTML doesn't save iframe on etherpad.net
No,Using background-size: some-width-in-px auto does not rescale the height of the image
No,Cannot open PDFs with older password scheme and non-ASCII passwords
No,0% regression in sizes at 622172:622187
No,Tabs often don't properly lock to the mouse position when dragging them out of a window and feel really sluggish popping in and out.
No,"If browser does restoring without internet access, then form data is lost"
No,Link errors in windows component builds for blink bindings of media mojo interfaces
No,"Aw snap on all pages, support, help, setting, welcome."
No,Put engagement level to SiteEngagementDetails
No,Navi A11y - Buttons do not report checked status
No,Download shelf arrow points wrong direction if you click on it twice.
No,[Media Router] Don't offer cloud MRP sinks in incognito profiles
No,Timeout in net_url_request_ftp_fuzzer
No,Timeout in mediasource_MP2T_AACSBR_pipeline_integration_fuzzer
No,CHECK failure: false in paint_controller.cc
No,Timeout in net_gzip_source_stream_fuzzer
No,[Cronet] Native UrlRequestTest.GetStatus is flaky.
No,WebglConformance_conformance2_textures_image_bitmap_from_image_data_tex_2d_rgb9_e5_rgb_float flaky on Win10 Nvidia
No,WebglConformance_deqp_functional_gles3_framebufferblit_depth_stencil flaky on Win10 Nvidia
No,"Win 7 Nvidia GPU Perf gtest-based performance tests are showing ""expired, not enough capacity"""
No,CSP with video tag
No,Autofill popup does not close on scrolling root frame if it's shown for <input> inside an <iframe>
No,Chrome causes windows 10 to lock up
No,angle_perftests InterleavedAttributeDataBenchmark.Run/gl timing out on Windows 10 Intel bot
No,Regression: Media controls overflow menu options are not working when clicked on option label
No,Regression: [DevTools] Unwanted space is observed under 'Audits' section for recorded activity.
No,How to Contact AOL Customer Service to download AOL Desktop Gold?
No,requestFullscreen fails to execute on Windows machine
No,Why Is AT&T Email Not Working On My Devices?
No,Regression:Two focus rings are seen on 'Add' button on 'chrome://settings/payments' page.
No,Regression: Outer border does not appear for 'Not now' button on chrome://welcome page.
No,Regression: On mouse-hovering 'Turn on Sync' button focus is not seen as expected.
No,How to recover lost AT&T email password?
No,Regression: [DevTools] Font of R/G/B/A and H/S/L/A text-boxes are not seen properly on Color-Picker window.
No,Experiment with generating additional MemoryPressure signals
No,Regression: Tool-tip appears behind the avatar menu on second instance.
No,How to Fix if Adobe Reader Fails to Install on Windows PC?
No,document.referrer is always empty string after clicking a link of signed exchange
No,Cannot very rapidly close all tabs via middle click
No,NetworkService use after free
No,OverrideSecurityRestrictionsOnInsecureOrigin policy not working as expected
No,Gradient background with bottom border does not fill whole div
No,chromium appearing as an option for default app for websites on windows 10
No,"Rendering CSS table child elements with ::after content: "" "" (blank space)"
No,An error occurred while checking for updates: Update check failed to start (error code 3: 0x8007001F)
No,Chrome is sometimes unable to write a cookie from within an iframe
No,Can't use middle button on mouse to open new tabs anymore
No,"getDisplayMedia() shares entire screen—the least safe choice—by default, violating spec."
No,Form signatures are not stiched to new Autofill API requests
No,Block third party DLLs from network utility process
No,Render effect of aharoni.ttf on chrome is not correct
No,New d3dcompiler_47.dll needed
No,Consider some refactoring or ifdefing in VR-UI's element tree to make it clear which UI is platform-specific
No,Adjust lifetime of VR-UI objects on Windows
No,"Invisible button in ""Get Google smarts in Chrome"" dialog"
No,PDF Viewer is showing blank page for PDFs which previously worked
No,Navi A11y - Incorrect focus when navigating between modules
No,Chrome blocks opening tabs when using ctrl+click or middle mouse button from any website
No,Regression: Car images do not paint on carvana.com [Intersection Observer]
No,sameSite=strict cookies not sent when requesting TypeScript files from Console
No,"When middle mouse button is used to open a link in a new tab, the window is blocked by the pop up blocker"
No,Out-of-memory in dawn_wire_server_and_frontend_fuzzer
No,OOR-CORS should be enabled for most extension content scripts
No,OOR-CORS shouldn't trust the renderer (e.g. for request_initiator)
No,CHECK failure: false. failed to open UTS46 data with error: U_FILE_ACCESS_ERROR. If you see thi
No,Test crashes in angle_end2end_tests are not symbolized in libGLESv2
No,HIde the scheme on Link Doctor interstitial
No,[Dark mode] Illustrations and logos for dark mode
No,"Input[type=""date""] returns wrong date via valueAsDate property. It is off by one day. For example: 2018-02-01 will be 2018-01-31 when accessed via valueAsDate property."
No,"I know that this is website is for reporting bug,but this is also the fastest way of reaching out to google.So I just want to tell youthat I have found a way to implement apples's faceid on the pixel and all the existing and new android one devices using the existing h/w,,no need to put extra h/w on it,can work even in the dark room.And also found a way to implement google cards now on iphone ,without jail-break and no need to disable/replace siri"
No,Regression: Dual focus is seen over bookmarks bar and in Omnibox after dragging the bookmark
No,Wrap i18n message GRIT placeholders in a <ph> element
No,Regression: Arrow position (option menu) of downloaded file does not change after pressing escape key
No,Regression: Showing destinations for... dropdown menu shows when no user is signed in.
No,Regression: Radio buttons appears blue in color even when not selected.
No,Regression: App info overlay is seen chopped from left side.
No,New Password Form Parser is confused when the same field has different autocomplete and server predictions
No,The focus event is not triggered for elements within a map element.
No,Regression : Gap between ghost text and input field is observed to be more than expected.
No,Regression:Focus is not seen on  'Cancel' button for  'Turn on Sync' overlay ..
No,Regression:Unable to see 'Turn On' button on 'Turn On Sync' overlay while signing in to chrome
No,Run Chrome non-elevated at medium integrity when launched by test_installer
No,"Inspect Element stopped working properly, when debugging and android app in remote devices view"
No,CSP injected by uBlock Origin is bypassed on a specific website by a third-party domain which is not whitelisted by CSP
No,Regression:Recently edited address entry appears at the bottom of the list under chrome://settings/addresses
No,Regression: Over-flow menu appears on tap-touch even when media controls are not seen.
No,Regression: Unnecessary focus ring is seen on media controller after clicking on its options.
No,i see allways null
No,Regression: [DevTools] Editing attribute of an element doesn't dismiss previous edit attempt on the same element.
No,"I found a magic thing in the console, which is divisible but has a surplus."
No,Clean up tab_drag_controller_interactive_ui_tests needs to be cleaned up
No,clang-cl fails to compile chrome on C++17 mode due to ConstantExpr mangling
No,Typo in chrome://settings/content
No,volume switches to full blast on new tabs.
No,GWP-ASan overwrites GetLastError() with ERROR_SUCCESS
No,Network errors are not displayed for text files
No,win10_chromium_x64_rel_ng swarming tests pool is over capacity
No,Ctrl+click to open new tab in background is blocked as pop-up
No,Merge request for ChromeDriver Is Element Displayed command fix
No,Run angle_perftests on Windows 10 (Intel) perf bot
No,Null pointer access when setting selectorText without parentStyleSheet
No,subtree layout fails to notify ancestor scroll anchor
No,Resources loaded by memory cache instead of service worker fetch event
No,Navigation flow needs documentation
No,WebglConformance_conformance2_vertex_arrays_vertex_array_object flaky in webgl2_conformance_gl_passthrough_tests
No,Chrome WebRequests Unexpectedly Cancelled
No,safe_browsing/chrome_cleaner missing dependencies on //chrome/browser/ui
No,safe_browsing/settings_reset_prompt missing dependencies on  //chrome/browser/ui
No,signalingstatechange event fires too soon.
No,Preserve Log in Network does not preserve response
No,[Password Manager] Updating username with the manual fallback crash the new parser
No,--audio-service-quit-timeout-ms=0 actually sets a timeout of 0
No,entry.request.bodySize is incorrect for POST
No,Regression: Extension doesn't hide in wrench menu after dragging from toolbar
No,Regression: Shape of blue focus ring is Square instead of circle.
No,Pinned tabs are lost when Chrome's launched to open a file
No,Regression: Unwanted blue focus ring is seen for labels when clicked.
No,JavaScript function call does not work
No,Jitsi hangs Chrome up when starting screen sharing with auto full screen options provided to the browser
No,Regression: Wrong caption is seen for Payment handlers option under chrome://settings/content
No,[Missing Tests] [Unity] Update text for sync configuration snackbar
No,Regression: [DevTools] Selection highlight color is not visible properly for Dark theme on Settings page.
No,Null-dereference READ in spvtools::opt::analysis::Type::GetHashWords
No,Missing CONTENT_EXPORT for content::StoragePartitionCodeCacheDataRemover and content::StoragePartitionHttpCacheDataRemover
No,https://source.android.com/ doesn't load in Canary.
No,Play/pause button on controls is not accurate.
No,oes-vertex-array-object.html flaky on ANGLE's GL backend
No,ALT-SHIFT-A does not bring up zoom dialog.
No,A11y support on the NTP
No,Text truncated when center/right aligned and using white-space: pre-wrap
No,[LayoutNG] Crash Report - blink::NGLineHeightMetrics::NGLineHeightMetrics
No,Allocation profile does not show all object when the entire range is selected.
No,canary chrome isn't syncing recent tabs
No,Removal the NaCl whitelist
No,Many Chromium tests fail when run under Hyper-V
No,GCPW: Copy Google profile picture to local user account picture
No,"Problems with translation (translation rolls back), e.g. word constructor in text to be translated"
No,GRIT: Can't include auto-generated file in GRIT resource maps
No,Use SafeHTML for search suggestions and promos?
No,depot_tools Python's OpenSSL is very old
No,動画内でのオーディオ(雑音・生活音)に対して、意図的に起こされていないかの検証。
No,Timezone changed to GMT
No,Picture-in-Picture: servicification
No,Dev Tools > Application > Clear Storage Can delete chrome's local storage
No,"window.matchMedia('print') not called on window.print, but called on ctrl-p"
No,Unable to download files or open PDFs
No,Regression: [Print Preview] Preview options doesn't get disabled on deleting the 'Scale' value
No,CHECK failure: success in test_render_frame.cc
No,Heap-use-after-free in renameTokenCheckAll
No,Regression: 'Turn off' button is disabled on chrome://settings/syncSetup.
No,"Keep ""Preserve Log""  checked in Network"
No,The new parser should take user-typed values for saving
No,Regression:Unable to close dev tools window after stopping profiler.
No,Regression: Web page dosen't load properly after running Audit on it.
No,Regression:Text selection color in Filter textbox appears faint in console section of devtools.
No,Regression: Focus skips traversing through video controls
No,Switch to this tab omnibox button works weirdly with PWAs
No,Regression: Weird flickering of mouse pointer is seen at splitter line on chrome://bookmarks/ page.
No,Regression:Flickering is seen while sliding 'minimum font size' slider using mouse.
No,Regression: Focus ring is not seen on eye icon on save password bubble after pressing tab key.
No,Null-dereference READ in v8::internal::ParserBase<class v8::internal::Parser>::ParseArrowFunctionLiteral
No,"Security: when get a HTTP/1.1 message containing an entity-body which not include a Content-Type header field defining the media type of that body, CHROME will attempt to guess the media type via inspection of its content. "
No,Advanced Protection doesn't properly refresh status on startup
No,safe_browsing BUILD.gn lacks a dependency on //chrome/browser/ui
No,Spacing added by repeat keyword 'space' causes masks to not appear when composited with source-in
No,Extend web_tests for CanvasRenderingContext2D.getContextAttributes() for lowLatency.
No,chrome.webRequest does not intercept requests for external source maps
No,Thread handle leak in Intel driver in GPU process
No,"""Print with System Dialog"" no longer appears at the bottom of print preview screen"
No,selectionStart / selectionEnd not available on focus
No,Links do not change color after clicking
No,ERR_CONNECTION_RESET on Self Signed localhost on Windows 8 Embedded
No,chrome://net-internals/#dns no longer works
No,"[User Feedback - Stable] Reports that Avira anti-virus causes Chrome performance drop (freezing, lag)"
No,Picture-in-Picture: window shows on first profile group on Windows
No,Too many entries are removed from History
No,[Passwords] Migrate PasswordManagerProxy to a Promise based API
No,3.5%-50.5% regression in system_health.memory_desktop at 617030:617078
No,"WoW,gmail letter content is <div id=""gmail-m_....... code , letter content text is disable."
No,Regression: Misalignment of 'Lat / Long' texts are observed with their text-boxes under 'Geolocations' section.
No,DCHECK hit in PlatformThread::GetCurrentThreadPriority
No,"Regression: ""Unmute"" icon pauses the advertisement video on Youtube"
No,Regression: ‘App Info’ bubble is displayed in wrong direction.
No,ajax option method error in HSTS
No,Regression: Unable to stop recording in 'Memory' section of DevTools.
No,Regression : Media controls are not accessible when clicked on option label.
No,Regression: Overflow menu closes when trying to click and drag scroll-bar.
No,Dragging the scroll bar by finger is not as smooth as scrolling directly
No,compare_build_artifacts failing on multiple builders
No,Scrolling cannot stop immediately when I touch the viewport again
No,On-Screen doesn't popup when focusing an input textfield
No,Regression:Unwanted movement of extension tiles is seen while enabling/disabling developer mode.
No,textarea grabber should be draggable with touch
No,webrtc audio is ok but video is not decode
No,Regression:Separator line is missing between 'Printers' and 'Google cloud print ' option.
No,My chrome browser has malicious code that renders the help and feed back option useless
No,XMLHttpRequest:send should send arraybuffer of more than 128 MB
No,Out-of-memory in dawn_wire_server_and_frontend_fuzzer
No,Extension Storage can be modified by third-parties at the first extension installation
No,Continue where I left off only restores one window during Profile restore
No,Continue where I left off only restores one window during Profile restore
No,Web bluetooth readValue() value does not change for repeated reads.
No,Null-dereference READ in blink::Node::GetLayoutBoxModelObject
No,CHECK failure: get_interface_object in v8_object_constructor.cc
No,Display emojis in urls instead of punycode
No,[LayoutNG] small thumbnail images not showing properly (stretched out)
No,Text at a net 0deg rotation that has been rotated is still blurry
No,console.log(err) of DOMException prints the empty string
No,change' event is not dispatched if the same path is selected again
No,PDF: Pinch zoom is changing the visual view-port and zooming into the document
No,touch-action is not correctly preventing pinch-zoom
No,javascript Date() returns UTC timezone after PC suspend/resume on Win10
No,onlinefullizle.net
No,line-break:strict does not work for ja without lang
No,Web Protocol handlers don't work with network service
No,no proxy server switch is being forced on every single instance of chrome being launched
No,Duplicate headless::switches errors with jumbo and link.exe
No,Source file is both #included and in BUILD.gn
No,Regression: Control+Shift+P dropdown's contents escape bubble's bounds rectangle
No,"document.execCommand(""insertOrderedList"") is misbehaving"
No,Google search display bug
No,"A combination of border-radius, border and box-sizing cause background images to not be centered correctly"
No,Finish work on ExtensionNavigationThrottle checks for blob/filesystem URLs.
No,"When building with link.exe ""multiple '.rodata' sections found with different attributes"""
No,"Treat r01, r02, etc. as rar files for download inpsection"
No,Dragging an url into bookmarks bar folder makes the drop down dissappear when list is long enough to touch the edges of the screen
No,Navi Synthetic Trial Misconfigured
No,Abrt in content::ContentMain
No,[User Feedback - Stable] Opening a PWA shortcut from the desktop launches an extra new tab page
No,Web Scam
No,Chrome Keeps Failing To Shut Down Correctly
No,[LayoutNG] view-source: is very slow
No,App menu 'managed by' message: show in incognito
No,App menu 'managed by' message: dark mode support
No,Chrome DevTools cannot locate closing tags
No,Null-dereference READ in blink::WebElement::HasHTMLTagName
No,Out-of-memory in paint_op_buffer_fuzzer
No,RewriteDB might crash with a DCHECK
No,Regression:Cursor appears before URL in omnibox after dismissing page info bubble
No,error in memory allocation timelines
No,Regression: Unnecessary focus is seen at two places after clicking on 'Site settings' option.
No,Event reference in limbo after an iframe reload
No,User Activation v2: Consuming a user gesture consumes *all* the available user gestures
No,[regression-71] Locking Windows stops Hangouts screen presentation
No,border-image fails to cover the entire empty element
No,CHECK failure: event.GetType() != WebInputEvent::kGestureFlingStart in web_view_impl.cc
No,Disk cache doesn't work in headless mode
No,App-menu button hover effect doesn't go away when closing menu by resizing window
No,Truncated file download when served via service worker with servicification enabled
No,Move and enable TaskHelper for desktop for getting HubAndSpokeNavigationUsage histograms
No,Source right click context menu incorrect
No,Chrome doesn't give option to 'allow' a webcam or mic
No,Custom-drawn Windows 10 Titlebar Touch Screen
No,ScriptPromisePropertyBase destructor calling into V8
No,Try to further improve CORB error messages
No,Absolutely positioned div conflicting with contain layout in Chrome 71
No,Harmonize InkDrop opacities
No,Color Picker Not working when Developer Tools docked to bottom
No,Security: Data race in ExtensionsGuestViewMessageFilter
No,"Heap-use-after-free in base::small_map<class std::unordered_map<unsigned int,class std::unique_ptr<clas"
No,Regression:Unable to traverse focus to first  'Site access' option under chrome://extensions using arrow key.
No,[Internal]:  [Googler Mobile Feedback] Password Generation fails on Duolingo's Reset Password Form
No,Regression: Content missing on scrolling to the bottom of the crbug page
No,Video playback via MSE drops last frame (consider flushing parser at MarkEndOfStream)
No,Regression:Grey Focus is seen chopped on the 'Open as window' option for shortcut window.
No,Regression: [Print Preview] Colour of the focus ring is not seen as expected i.e. blue colour
No,Regression: Chrome main window closes down when shortcut is created.
No,Regression: Unable to differentiate the tabs for dark theme.
No,"when the code inspector is open, if you once again request to show the element on the page, a white window will appear"
No,Single page with height slightly larger than the element becomes two pages when printed
No,Forward button on Youtube
No,trace-export-events-to-etw flag not propagated to GPU process
No,Externally accessible MenuItemView static variables should be initialized before RunMenuAt() call
No,"on the page chrome://settings/content/notifications, when I have the setting set to 'Blocked' I still get endless offers to receive push notifications."
No,`-webkit-stroke-text` results in wrong text-decoration colour
No,"Browser crash afer ""a breakpoint has been reached"""
No,FindString crashes with <area>
No,An Access Violation exception happened at 0x0 while attempting to write memory at 0x0 using a NULL pointer.
No,"DCHECK on ""cancel downloads"" dialog close"
No,Content scripts should be able to perform same-origin fetches
No,"PrintPreviewDestinationItemTest browser test failure on Win64 and Linux64 beta builders with error message as """"Mocha test failed: DestinationItemTest offline"""
No,332.7% regression in rendering.desktop/frame_times at 616282:616429
No,A11y: Table not recognized by NVDA
No,nested Flex CSS styling 3 and more levels deep. not working as expected
No,FADE_TAIL elision clips color emoji
No,Web page is bookmarked after clicking on close(x) button
No,Blank page when clicking on a URL
No,"Uninstalling ""shortcuts"" sends user to application list that doesn't contain application"
No,mix-blend-mode (at least used in an SVG) not respected when printing
No,Regression: [DevTools] Unwanted focus highlight is seen on error msg in 'Console' section after clicking on icon.
No,backgound image of 1*1px using cover size not displayed on some ratios
No,Regression: Unnecessary movement of Page Number is seen while traversing focus over textbox in pdf
No,bi rời rạc
No,Regression: Password dot appears to be chopped from bottom end on chrome://settings/passwords page.
No,Regression : 'Open file' list appears transparent in dev tools.