BRA,Summary
Yes,Accessibility events on ignored nodes should match equivalent tree changes
Yes,Feature Request: easier to record and copy events from chrome://accessibility
Yes,use-after-free of WebContentsAccessibility.
Yes,Use AccessibilityNodeInfo.setPaneTitle for web dialogs
Yes,"""Closed <n> Tabs and Undo buttons"" are not shown after closing the tab during Accessibility is ON"
Yes,Unify GetText on BrowserAccessibilityPosition and AXNodePosition
Yes,"[Content Indexing] - Accessibility screen reader skip the ""Keep exploring offline"" intro card"
Yes,Enabled accessibility apps can prevent omnibox hiding
Yes,LayoutManagerTests fail due to unsupported getUserId call from AccessibilityManager
Yes,Should pure CSS tables be exposed as tables in accessibility?
Yes,Android accessibility not correct for radio buttons
Yes,Add accessibility message for the incognito switch
Yes,Accessibility mode can't trigger tap to search
Yes,Android accessibility: bounding boxes incorrect when scrolling the page on some sites
Yes,DumpAccessibilityTreeTest.AccessibilityLabelUpdates is flaky
Yes,org.chromium.content.browser.accessibility.WebContentsAccessibilityTest#testNavigationWithinEditTextField is flaky
Yes,Chrome crashes consistently in content::BrowserAccessibilityManager::GetFromAXNode
Yes,PDF Accessibility - Document Role is too generic
Yes,Support more accessibility metrics
Yes,A11Y: Chrome locking up when attempting to browse the internet when using KeySoft accessibility suite by Humanware forcing user to restart the device. It happens only for certain websites
Yes,Incorrect focus changes navigating via keyboard on Accessibility settings page
Yes,"Text on ""You've Gone Incognito"" screen doesn't scale when using accessibility text scaling options"
Yes,"regression, loss of visible accessibility focus when moving by next item, after a few scrolls in the webview have been triggered"
Yes,Android accessibility: links and images should expose their url in a bundle property
Yes,[Flags] Remove enable-accessibility-tab-switcher from Chrome
Yes,PDFExtensionTest.PdfAccessibilityInOOPIF is flaky
Yes,When Android accessibility scaling is increased some text is rendered incorrectly.
Yes,Android Webview hangs when attempting to edit long text field with accessibility feature turned on
Yes,Blink accessibility not updating the frame rect when it changes
Yes,[a11y] Some buttons have multiple clickable actions with accessibility services
Yes,[a11y] Some buttons not clickable with accessibility services in Trips WebView on Android M
Yes,Potential jank caused by AccessibilityUtil.isAccessibilityEnabled()
Yes,"Media Controls Accessibility: Volume slider should read ""56%"" instead of ""0.56"""
Yes,Remove dontwarn proguard flag from accessibility_test_framework_java
Yes,[Accessibility][Duet] Top to bottom focus is not ideal
Yes,Accessibility Layout Tests etc are failing on WebKit Android
Yes,Internal chrome://accessibility page crashes due to favicons
Yes,[Accessibility ]Download Infobar : Announce more specific option text
Yes,Media Controls: don't hide controls while they are accessibility focused
Yes,"(2) Android WebView control with TalkBack set to importantForAccessibility=""noHideDescendants"""
Yes,"Android WebView control with TalkBack set to importantForAccessibility=""noHideDescendants"""
Yes,Android's Settings>Accessibility>Force enable zoom is not applied to new tabs
Yes,Clicking on a WebView text field using an Android accessibility service doesn't focus it
Yes,Android accessibility: identify nodes containing an image
Yes,Android accessibility: TEXT_CHARACTER_LOCATION should only be exposed on some elements
Yes,Android accessibility: TEXT_CHARACTER_LOCATION should only be exposed on some elements
Yes,Android accessibility: TEXT_CHARACTER_LOCATION should only be exposed on some elements
Yes,Android accessibility: TEXT_CHARACTER_LOCATION should only be exposed on some elements
Yes,Android accessibility: TEXT_CHARACTER_LOCATION should only be exposed on some elements
Yes,Android accessibility: TEXT_CHARACTER_LOCATION should only be exposed on some elements
Yes,Android accessibility: TEXT_CHARACTER_LOCATION should only be exposed on some elements
Yes,Android accessibility: TEXT_CHARACTER_LOCATION should only be exposed on some elements
Yes,Android accessibility: TEXT_CHARACTER_LOCATION should only be exposed on some elements
Yes,content_browsertests AccessibilityFullscreenBrowserTest.InsideIFrame is flaky on multiple CQ trybots
Yes,AccessibilityHitTestingBrowserTest.CachingAsyncHitTestingInIframes on tryserver.chromium.android android_n5x_swarming_rel builder is flaky
Yes,Android: Infinite loop of FrameLayouts in accessibility tree
Yes,[root layer scrolls] AccessibilityHitTestingBrowserTest fails
Yes,[TabModal] Improve accessibility for tab modal javascript dialogs
Yes,AccessibilityHitTestingBrowserTest.HitTestingInIframes flaky on android_n5x_swarming_rel
Yes,Accessibility focus does not apply to elements in WebView.
Yes,[Accessibility Vision] Tap on link not working in m.nate.com
Yes,Blink accessibility should keep track of what characters changed in a static text node
Yes,AwContents::~AwContents() should not disable accessibility
Yes,"""Chrome Home"" tabs should correctly reflect the ""selected"" state for accessibility"
Yes,Reader Mode for Accessibility
Yes,Bad-cast to blink::LayoutBox from blink::LayoutInline;blink::AXLayoutObject::AccessibilityHitTest;blink::WebAXObject::HitTest
Yes,Improve the usability of Simplified View for Accessibility
Yes,Leak due to LollipopWebContentsAccessibility never unregistering broadcast receiver
Yes,Accessibility broken for listItem
Yes,Native crash about binder and LollipopWebContentsAccessibility
Yes,Chrome Home: cannot move accessibility focus to omnibox suggestions
Yes,Browser Android Accessibility scroll returns incorrect value
Yes,[Accessibility] TalkBack does not navigate backwards in tab order through a webview
Yes,WebView fires accessibility events even when it's not focused
Yes,ShadowAccessibilityManager does not work correctly
Yes,ARIA grids with authoring errors drop content from accessibility tree
Yes,SpannableInlineAutocomplete: accessibility does not work correctly
Yes,Make the platform accessibility code internationalization aware
Yes,Android ACTION_NEXT_HTML_ELEMENT fails if accessibility focus is cleared
Yes,Chrome Home accessibility when pull handle is showing
Yes,[Autofill][Accessibility] Add a new address fields don't show autofill suggestion
Yes,Reader Mode should be available in accessibility mode
Yes,Shoud use LocaleSpan to indicate language for accessibility
Yes,Accessibility zoom does not override touch-action filtering
Yes,[IPH] UI - Accessibility - Add accessibility support to the text bubble
Yes,accessibility: cannot close a tab because it doesn't have an ID
Yes,window.getComputedStyle reports non-scaled size when using Accessibility Text Scaling
Yes,Make snack bars persist for accessibility services
Yes,Text size on Wikipedia doesn't change according to the accessibility text scaling setting
Yes,[Accessibility] Focusing on a link causes the page to jump back to the focused link when scrolling
Yes,"Provide accessibility labels for ""close"" buttons in the list of tabs"
Yes,Accessibility: Video Controls hide too fast to be accessible via TalkBack
Yes,Regressing again: Android accessibility getting stuck after closing SELECT element pop-up
Yes,accessibility settings on amazon.com
Yes,Android accessibility: enable jumping to first/last elements in the page
Yes,Android accessibility word/character navigation broken for unfocused editable text fields
Yes,Android accessibility: whitespace-only nodes should be ignored
Yes,Android accessibility hit testing
Yes,Support M SDK Accessibility actions in Chrome/WebView
Yes,"[Accessibility,Tumblr] Headings read the heading name "
Yes,Android accessibility getting stuck after closing SELECT element pop-up
Yes,Android accessibility actions broken inside iframes
Yes,Android: WebView shouldn't send accessibility focus events unless focus is already inside
Yes,RendererAccessibilityImpl is crasing on DCHECK(ack_pending_)
Yes,[Duet][Accessibility] Chrome crashes on K and J devices
Yes,"[Accessibility][Duet] Talkback says ""button"" twice when focusing the omnibox accelerator"
Yes,"Chrome on Android should only enable accessibility for ""real"" accessibility services"
Yes,Need to respect --disable-renderer-accessibility flag on Android
Yes,Accessibility-related browsertests failing on Android
Yes,Inline text boxes shouldn't be included in Android accessibility tree
Yes,DumpAccessibilityTreeTest.* crashing on Android bots
Yes,[Android] Accessibility asset issue
Yes,RenderAccessibilityImpl::SnapshotAccessibilityTree needs to update layout
Yes,Accessibility Tab Switcher Doesn't Scroll
Yes,Use AccessibilityNodeInfo.setPaneTitle for web dialogs
Yes,"[Content Indexing] - Accessibility screen reader skip the ""Keep exploring offline"" intro card"
Yes,LayoutManagerTests fail due to unsupported getUserId call from AccessibilityManager
Yes,Should pure CSS tables be exposed as tables in accessibility?
Yes,Add accessibility message for the incognito switch
Yes,PDF Accessibility - Document Role is too generic
Yes,Support more accessibility metrics
Yes,Incorrect focus changes navigating via keyboard on Accessibility settings page
Yes,Android accessibility: links and images should expose their url in a bundle property
Yes,[Flags] Remove enable-accessibility-tab-switcher from Chrome
Yes,PDFExtensionTest.PdfAccessibilityInOOPIF is flaky
Yes,Blink accessibility not updating the frame rect when it changes
Yes,Potential jank caused by AccessibilityUtil.isAccessibilityEnabled()
Yes,"Media Controls Accessibility: Volume slider should read ""56%"" instead of ""0.56"""
Yes,"[Accessibility][Duet] Talkback says ""button"" twice when focusing the omnibox accelerator"
Yes,[Accessibility][Duet] Top to bottom focus is not ideal
Yes,Internal chrome://accessibility page crashes due to favicons
Yes,[Accessibility ]Download Infobar : Announce more specific option text
Yes,Media Controls: don't hide controls while they are accessibility focused
Yes,Accessibility: slider doesn't verbalise new value after right/left and left/right gestures
Yes,Media Controls: accessibility: improve verbalisation
Yes,Media Controls: expose currentTime in slider accessibility value description
Yes,Android's Settings>Accessibility>Force enable zoom is not applied to new tabs
Yes,Clicking on a WebView text field using an Android accessibility service doesn't focus it
Yes,Android accessibility: identify nodes containing an image
Yes,Android accessibility: TEXT_CHARACTER_LOCATION should only be exposed on some elements
Yes,Android: Infinite loop of FrameLayouts in accessibility tree
Yes,[root layer scrolls] AccessibilityHitTestingBrowserTest fails
Yes,[TabModal] Improve accessibility for tab modal javascript dialogs
Yes,AwContents::~AwContents() should not disable accessibility
Yes,Reader Mode for Accessibility
Yes,Improve the usability of Simplified View for Accessibility
Yes,Leak due to LollipopWebContentsAccessibility never unregistering broadcast receiver
Yes,Chrome Home: cannot move accessibility focus to omnibox suggestions
Yes,Browser Android Accessibility scroll returns incorrect value
Yes,WebView fires accessibility events even when it's not focused
Yes,ShadowAccessibilityManager does not work correctly
Yes,ARIA grids with authoring errors drop content from accessibility tree
Yes,Android ACTION_NEXT_HTML_ELEMENT fails if accessibility focus is cleared
Yes,Chrome Home accessibility when pull handle is showing
Yes,Reader Mode should be available in accessibility mode
Yes,Shoud use LocaleSpan to indicate language for accessibility
Yes,Accessibility zoom does not override touch-action filtering
Yes,[IPH] UI - Accessibility - Add accessibility support to the text bubble
Yes,Make snack bars persist for accessibility services
Yes,"Provide accessibility labels for ""close"" buttons in the list of tabs"
Yes,Accessibility: Video Controls hide too fast to be accessible via TalkBack
Yes,accessibility settings on amazon.com
Yes,Android accessibility: whitespace-only nodes should be ignored
Yes,Android accessibility hit testing
Yes,Support M SDK Accessibility actions in Chrome/WebView
Yes,RendererAccessibilityImpl is crasing on DCHECK(ack_pending_)
Yes,RenderAccessibilityImpl::SnapshotAccessibilityTree needs to update layout
Yes,Allow accessibility gestures to bring up the IME on Android
Yes,Accessibility issue: Touch exploration is not working correctly
Yes,Need to respect --disable-renderer-accessibility flag on Android
Yes,Accessibility-related browsertests failing on Android
Yes,"Chrome on Android should only enable accessibility for ""real"" accessibility services"
Yes,Bug in Android KitKat prevents us from using new accessibility APIs
Yes,Inconsistencies in the virtual android accessibility node tree
Yes,Inline text boxes shouldn't be included in Android accessibility tree
Yes,DumpAccessibilityTreeTest.* crashing on Android bots
Yes,Should not send accessibility events on frame info initialized after first time
Yes,Default accessibility content description on Android WebView
Yes,DumpAccessibilityTreeTest.AccessibilityDl failing on Android
Yes,Remove SelfBrailleClient from AccessibilityInjec tor
Yes,Bug in accessibility scrollToMakeVisible function in nested scroll areas
Yes,Android: Nodes reporting as having accessibility focus when they don't
Yes,Upstream accessibility
Yes,Expose links to accessibility service in Android native accessibility
Yes,Need to remove timeout of undo snackbar for screen reader
Yes,Android screen reader calls out tabindex 0 elements with double tap to activate even though they are uninteractable
Yes,Changes to aria hidden not respected by android screen reader
Yes,"[Content Indexing] - Accessibility screen reader skip the ""Keep exploring offline"" intro card"
Yes,Chrome://flags: screen reader severe slowness while typing in search field
Yes,Chrome hangs/crashes when attempting to sign into a Google account with screen reader enabled
Yes,Chrome causing swipe loop in Android screen readers
Yes,Talkback screen reader focus order is not correct
Yes,"Cross platform: HTML5 controls: with input type=""file"", screen reader saying nothing or ""no file selected"" when one was selected"
Yes,Inconsistent behavior with screen readers reading file names of images with empty alt text
Yes,Read-only text fields should be announced as such by screen readers
Yes,Tables are invisible on some pages while using a screen reader
Yes,"[Content Indexing] - Accessibility screen reader skip the ""Keep exploring offline"" intro card"
Yes,Tables are invisible on some pages while using a screen reader
Yes,Talkback element highlighting does not respect Viewport resizing
Yes,Talkback + Chrome - seek control edit menu placeholder text does not go away upon entering edit field
Yes,Talkback + Chrome - incorrect seek control value crashes TalkBack
Yes,"Clank + TalkBack: focus highlight moving beyond visible page, page not scrolling"
Yes,Clank + TalkBack: focus highlight not lining up with item under focus on some pages
Yes,Clank + TalkBack: intermittently not announcing seek control option for media controls slider
Yes,Clank + TalkBack: download notifications are not announced
Yes,"Clank + TalkBack: upon opening menu, list is announced but items do not have indices "
Yes,"TalkBack + Chrome: no text in the ""camera permission"" notification icon"
Yes,A11Y:TalkBack/Chrome: TalkBack does not announce some headings after Chrome update
Yes,Chrome with TalkBack: no way to access long press context menu
Yes,Talkback + Chrome loses focus after container is removed even though focus is set manually on a specific outside element on close.
Yes,Android A11y: children of an aria-hidden iframe shouldn't be navigated to by TalkBack
Yes,Talkback: Responsiveness Delay when toggling aria-hidden or visibility: hidden on content
Yes,TalkBack + Chrome: Text selection only selects one word/character
Yes,Talkback getting stuck on infinite loop on web content
Yes,TalkBack  + Chrome: media player more controls menu not behaving as expected
Yes,Talkback + Chrome - text fields rapidly cycling the focus upon returning to page
Yes,TalkBack + Chrome: HTML radio buttons not announcing number of buttons in the control
Yes,TalkBack + Chrome and VoiceOver: HTML sliders - unable to select all values in large slider
Yes,TalkBack + Chrome: HTML color selector menu reading incorrect indices
Yes,Talkback + Chrome - contenteditable fields rapidly cycling the focus upon returning to page from tab switcher
Yes,"TalkBack + Chrome: role=""alert"" incorrectly announcing alert after changing CSS position "
Yes,TalkBack + Chrome: first word in link is skipped when reading word by word
Yes,"TalkBack + Chrome: wikipedia navigate by word says ""beginning of field"" between words"
Yes,TalkBack  + Chrome: new incognito tab button is not announced as incognito
Yes,TalkBack + Google search results desktop site on mobile: unable to linear navigate through skip links without multiple swipes
Yes,Android O+: TalkBack doesn't see the any structure inside <a> tag
Yes,Keyboard focus follows TalkBack across edit fields
Yes,TalkBack start and end of field announcements are not accurate
Yes,TalkBack + Chrome - open tab numbers not announced in tab switcher
Yes,TalkBack skipping punctuation marks in the generated password in the password generation dialog
Yes,TalkBack not speaking title of password manager modal dialogs when they appear
Yes,TalkBack + Chrome - Disabled button does not communicate state
Yes,TalkBack + Chrome: crashing while trying to reach first heading navigating backwards
Yes,Talkback reading previous date value for plain date inputs
Yes,Talkback does not read date for <input type=“date”> elements with an ARIA-label tag
Yes,TalkBack does not speak when navigating a page with tab key.
Yes,Talkback focus jumps unexpectedly to edit fields continuously until the screen is locked
Yes,Listbox entries are focusable by TalkBack even when the box is closed if they are set tabindex -1
Yes,Talkback focus rectangle positioned incorrectly
Yes,[Site Isolation Android] TalkBack focus is incorrect in OOPIFs
Yes,"When using TalkBack and the Chrome browser, certain sites won't focus correctly"
Yes,Talkback does not focus on autofill suggestions
Yes,Talkback does not inform user about changes to state in tab switcher
Yes,TalkBack does not inform the user when recent tab categories are expanded or collapsed
Yes,Android O+: SVG Links in Chrome/Webview aren't clickable with Talkback
Yes,Improve talkback to announce the type of tab you're in. Avoid reading duet overflow menu.
Yes,TalkBack does not speak when navigating by character or word in address bar
Yes,Current time on video misread by Talkback if slider position updated using volume keys.
Yes,Buttons that should be disabled on media control panel are triggerable and TalkBack readabable on Android
Yes,TalkBack reading file names for images without alt text
Yes,Talkback announcing javascript slider to use volume keys to use slider
Yes,[TalkBack] Label prevents date value of input from being spoken
Yes,Talkback does not work with W3C standard sliders
Yes,Talkback screen reader focus order is not correct
Yes,Chrome fails to update document.activeElement when Talkback is running
Yes,"Regression: Chrome not responsive to touch exploration with TalkBack on search results, wikipedia pages"
Yes,Extend the duration of offline indicator UI when TalkBack is on
Yes,"Talkback does not say "" More like this closed"" when closing by tapping the scrim"
Yes,"Talkback's ""Read from top"" gets stuck on the WebView."
Yes,"When Talkback is enabled, navigation in some large pages is very slow."
Yes,Add descriptions to Keyboard Accessory to make it usable with Talkback
Yes,TalkBack in Chrome does not voice changes in state to a Tab
Yes,a11y: Selection in an edit field not spoken with TalkBack
Yes,"[Talkback] Talkback reads page title with an appended suffix ""WebView"""
Yes,Unable to navigate to web content after Chrome reopens on TalkBack
Yes,Talkback + Chrome: unable to invoke paste menu after clearing content in Omnibox
Yes,"Talkback: invoking the paste menu does not bring focus to that menu, need to go through many items to get to it"
Yes,TalkBack + Chrome: Menu number of item in list read first time but not after that
Yes,"TalkBack + Chrome: with disabled buttons, menu says ""in list 10 items"" when there are 13 items"
Yes,Talkback + Chrome: Move to last item on screen gesture puts focus on entire web content frame
Yes,TalkBack + Chrome: Scrolling does not place focus on top of page in window
Yes,TalkBack + Chrome: Scrolling causes delay in accepting explore by touch events
Yes,"(2) Android WebView control with TalkBack set to importantForAccessibility=""noHideDescendants"""
Yes,"In TalkBack, the Accesibility focus is displayed at a position different from the tapped position."
Yes,"Android WebView control with TalkBack set to importantForAccessibility=""noHideDescendants"""
Yes,Talkback with two keyboards don't work
Yes,Add Talkback-enabled options for re-ordering language settings
Yes,Typing into webview edit fields using Talkback does not allow granularity traversal
Yes,Chrome current version (version62 +) does not work properly with TalkBack enabled
Yes,"a11y: talkback always says: ""Double tap to activate"" in any type of element"
Yes,document.activeElement doesn't change properly with talkback enabled
Yes,TalkBack gets stale DOM content of pages in embedded web views
Yes,Talkback does not scroll to correct view
Yes,TalkBack: label is announced in Clank Site Settings exception UI
Yes,"Extra ""comma"" announced by TalkBack"
Yes,TalkBack uses the TTS of the original language after it's translated
Yes,Ambiguous purpose of InfoBar close button in TalkBack
Yes,The new flags page doesn't work with TalkBack
Yes,"In TalkBack, texts in the link are not announced"
Yes,TalkBack gets stale DOM content of pages
Yes,Talkback announcements for add banner and toast
Yes," TalkBack reads ""end of field"" inside combo boxes on the web"
Yes,[Accessibility] TalkBack does not navigate backwards in tab order through a webview
Yes,Unable to use Talkback to access the search field in NTP and open the virtual keyboard
Yes,Localespans should also work for granularity movement with Talkback
Yes,In-Product Help doesn’t work with TalkBack
Yes,"Unable to ""visit unsafe site"" via talkback"
Yes,TalkBack feedback for password fields is incorrect in Android O
Yes,"Need to remove ""hold to long press"" talkback text for active downloads in downloads home"
Yes,Need to reverse talkback text for pause/resume button
Yes,Hidden Links are not actionable using TalkBack
Yes,Send TalkBack alerts for change in installation state of WebAPK banner
Yes,Accessibility: Video Controls hide too fast to be accessible via TalkBack
Yes,Page elements are accessible via TalkBack despite fullscreen media player
Yes,Need to modify account selection talkback behavior
Yes,Android: TalkBack thinks editable text control has text when it's just a placeholder
Yes,"[Accessibility][Duet] Talkback says ""button"" twice when focusing the omnibox accelerator"
Yes,Disabled buttons read when video is focused in Talkback
Yes,"Talkback describes the CCT header origin chip as ""edit box"""
Yes,Android O+: TalkBack doesn't see the any structure inside <a> tag
Yes,Talkback focus rectangle positioned incorrectly
Yes,Talkback does not focus on autofill suggestions
Yes,Talkback announcing javascript slider to use volume keys to use slider
Yes,Chrome fails to update document.activeElement when Talkback is running
Yes,"[Accessibility][Duet] Talkback says ""button"" twice when focusing the omnibox accelerator"
Yes,"When Talkback is enabled, navigation in some large pages is very slow."
Yes,Add descriptions to Keyboard Accessory to make it usable with Talkback
Yes,"In TalkBack, the Accesibility focus is displayed at a position different from the tapped position."
Yes,apps containing a web view become unresponsive during granularity movement with TalkBack
Yes,TalkBack: disabled elements are not advertised as such
Yes,Add Talkback-enabled options for re-ordering language settings
Yes,Typing into webview edit fields using Talkback does not allow granularity traversal
Yes,"In TalkBack, texts in the link are not announced"
Yes,TalkBack gets stale DOM content of pages
Yes," TalkBack reads ""end of field"" inside combo boxes on the web"
Yes,In-Product Help doesn’t work with TalkBack
Yes,TalkBack feedback for password fields is incorrect in Android O
Yes,"Need to remove ""hold to long press"" talkback text for active downloads in downloads home"
Yes,Accessibility: Video Controls hide too fast to be accessible via TalkBack
Yes,Need to modify account selection talkback behavior
Yes,Android: TalkBack thinks editable text control has text when it's just a placeholder
Yes,he talkback voice is garbled(like a robot) while reading a hyperlink text
Yes,"Talkback: Incorrect announcement: ""Menu => Add to homescreen"" says ""Add to home-s-screen"">"
Yes,Form labels not being spoken in TalkBack
Yes,Large pages take a long time to load on Android with TalkBack on
Yes,Disable auto-hide of toolbar when TalkBack is on
Yes,[Android] No scrolling notification when TalkBack on
Yes,Support TalkBack commands to move to next/previous element
Yes,[DLA] x and settings buttons are not operable on deep linked WebVR app
Yes,Make scrollLeft consistent and interoperable in RTL
Yes,Old subtitle track is not deleted on 'src' attribute change
Yes,Caption / subtitles are Not shown when a video with subtitles is cast to chromecast
Yes,Subtitles are not displayed on Nexus 7 Tab while playing youtube video in Full screen mode
Yes,Old subtitle track is not deleted on 'src' attribute change
Yes,Subtitles are not displayed on Nexus 7 Tab while playing youtube video in Full screen mode
Yes,Webrtc api missing label on MediaDeviceInfo objects from enumerateDevices call
Yes,Default accessibility content description on Android WebView
No,System
No,App issue
No,HTML input element of type color is not working properly in webview of android app based on cordova
No,Block activist
No,WebView unable to set
No,ANDROID SYSTEM WEBVIEW app is disabled
No,Enable
No,Not being able to see what I'm typing in the browser
No,Bugs
No,Enable my webview settings
No,Android system webview disabled and will not enable? How to fix? I am beta tester. Thanks
No,CHECK failure: url_to_load == frame_entry->url() in navigation_controller_impl.cc
No,Crash when closing current selected tab when multiple tab groups
No,ExploreSites page: some icons appear rounded while others do not.
No,Remove support for the gopher scheme from the URL parsers in the codebase.
No,Ensure the android test runner still emits test results json even if a SIGTERM is caught
No,Test failure on Nexus 9: GpuProcess_disabling_workarounds_works
No,Offline Item states: Clean up UI to download backend plumbing.
No,Annotate thread-safetiness in ChunkDemuxer{Stream}
No,Offline Item states: Download home v2 should behave the same as old download home.
No,RequestCoordinator can get stuck sometimes
No,touch adjustment range is shrink due to zoom-for-dsf
No,Add horizontal spacing to explore sites page tiles
No,Media Controls: Fix size of overlay play button
No,url::Origin has methods misleadingly identified as const.
No,Implement Transferable Streams
No,Negative kerning is misrendered and creates positive space in neighboring glyphs
No,Code ordering decreases speedometer 2.0 performance on Pixel
No,google account looping to sign in page
No,fix some bugs in navigation preload response body consumption
No,No way for user to disable CSSOM smooth scrolls
No,Partially rendered content if used within NestedScrollView in Oreo+
No,can't download file from this page
No,DCHECK() fails when SW of the inner url doesn't call respondWith().
No,Use-of-uninitialized-value in sse41::blit_row_s32a_opaque
No,Lack of orderfile on arm64 prevents memory optimizations
No,Figure out a nice way to implement safer enum histograms in Java
No,Songs not playing in background when playing in web view(in app) of android
No,Videos won't play on Twitter
No,WebBluetooth requiring unneeded permissions
No,Statusbar and navbar visible on fullscreen if display size is set to small
No,Crash after typing  chrome://java-crash in omni-box
No,"android CQ jobs timing out due to excessive retries of instrumentation tests w/ ""--gtest_repeat"" arg"
No,[Downloads Home] Close button on tablets should not close the activity
No,Update to errorprone 2.3.3
No,[EoS] Fix vertical spacing and fonts for ESP
No,Опгщщ
No,Allow IsolatedOrigins to be merged from enterprise policy and field trials
No,DOM distiller infobar shows up on chrome-native
No,Investigate large presentation-times
No,CHECK failure: !result.opaque() in security_origin.cc
No,Generation button doesn't appear in the KA after resuming Chrome
No,nice
No,Java tests with 2+ annotations are broken by format/presubmit
No,SuperSize: Be able to show Apk Size vs Install Size in HTML viewer
No,[Downloads Home] Image view shrinks from full-width to small size when image is opened
No,"Simplesmente não quer ativar novamente, pois não tem nenhum botão onde eu possa ativar o webview"
No,rendering benchmark results is noisy
No,Encerra o App bradesco s.a
No,[Downloads Home] Add config
No,CSP bypass with blob URL
No,Android video thumbnail: Copy side data from ffmpeg's AVPacket.
No,Obfuscate android resource names using aapt2
No,Recent Tabs for other devices not keeping up-to-date on Android
No,DeviceService using SystemSharedURLLoaderFactory on ServiceManagerContext creation
No,[Downloads Home] Paused download shows up as failed after restart
No,Resuming a paused download disappears from download home when there is not enough disk space
No,Remove leak canary from our build system
No,Regressions in input event latency metrics
No,ปิดใช้งาน
No,ConditionalCacheCountingHelper doesn't work when the network service is enabled
No,Not running
No,[Duet] Fullscreen video is misaligned
No,PaymentRequestShippingAddressChangeTest#testShippingAddressChangeFormat is flaky
No,"Iframe Allow tag ""microphone, webcam, geo location"" not working only for chrome browsers"
No,Can't drag a collapsed selection across a contenteditable=false island
No,Binary size check shouldn't run on autoroll CLs
No,[Sync] Updates have duplicate server ids and duplicate client tag hashes.
No,Triple tap on contenteditable accidentally move focus to another element on mobile.
No,NavigationPredictor: Understand the scenarios where navigation prediction can help
No,[Downloads home] Card styles need to be snowflake compliant
No,[Downloads home] Update chips in DH
No,[Downloads Home] Migrate cards in onboarding flow
No,benchmarks.system_health_smoke_test.SystemHealthBenchmarkSmokeTest.system_health.memory_mobile/load:news:washingtonpost is flaky
No,[EoS] Implement site blocking
No,[Standalone] Magic Window orientation off 90 degrees.
No,Spike in reports from users with Error 101
No,Delete (X button) click target on text input suggestions has more surface area than expected.
No,Open in new incognito tab hides group UI in switcher
No,Enable _LIBCPP_DEBUG in debug builds
No,Tab flies away to the right when returning to newly-ungrouped tab
No,Chrome crashes after closing tab
No,mediadevices.ondevicechange not enabled on Android?
No,"Add test for GVR install dialog on WebXR page, and WebVR page"
No,Animation is broken for elements with applied text gradient.
No,[Bluetooth] Implement BluetoothTestBase::SimulateAdapterPowerSuccess()
No,Fetch events for subresources won't be triggered once the service worker with DevTools requests termination
No,`modem status` under crosh produces no information
No,Cannot register the same v8::Function for event listeners with multiple incumbent realms in blink
No,Library prefetch may slows down startup badly
No,[Duet] Bottom toolbar icon fade animation jumps
No,AsyncTask get() blocks UI thread on background
No,input.click() does not work in an onpointerdown event
No,41.4% regression in sizes at 586729:586732
No,document.close() sets document.readyState synchronously
No,"Use ""AbortError: Another PaymentRequest UI is already open"""
No,Run heap profiler in utility process
No,Why it has been disabled
No,[SitePerProcess] Touch scrolling on iframe is too fast when zoomed in
No,h.mir7767@gmail.com
No,I want this app without any problem
No,Meu webview está atualizado.. mais fica pedindo pra atualizar oq eu faço?
No,TSan reports a data race in webrtc::RtpVideoStreamReceiver::OnRtpPacket
No,Disabled
No,Webpage with WebAssembly starts up slowly after tab refresh
No,Throw for disturbed/locked streams more often
No,Chrome Mobile drops trailing slashes in URLs when clicking on links from Android Messages
No,Kartik nayak
No,Com android telah berhenti
No,Error when using CRSBLOG
No,Chrome can offer local save for local cards under certain conditions
No,Disabling animations on android causes some chrome_public_test_apk tests to fail
No,I am missing my comma. There is now a forward slash instead.
No,Improve resource loading hints UMA coverage
No,Error
No,Event.Latency.ScrollBegin.Touch.TimeToScrollUpdateSwapBegin2 99th percentile regressed by almost 75% in M70
No,IDL attribute getters and setters should have name property set
No,Event.Latency.ScrollUpdate.Touch.TimeToScrollUpdateSwapBegin2 98th percentile regressed by 43% in M70
No,VR browser scrolling tests failing
No,Can't run debug build of Chromium on Samsung Galaxy S7
No,Contextual Search observer notifies Show with no Hide when Smart Selection is active
No,OOP cross renderer->GPU causing GPU glyph cache misses
No,Use 'auto' to represent unspecified keyframe-specific composite operations
No,Delete tools/android/roll/update_support_library.py and associated build files
No,Add required ACL and how to get it to android_deps README
No,Photo Picker should use singular in title when in single-selection mode
No,[Chome][V68][Android 8.1] Keyboard doesn't work so user can't write any characters.
No,[Chrome][V68][Android 8.1] A web page becomes blurred when Chrome is in a multi-window mode.
No,"""Google has stopped"" popup is observed while downloading mp3/image files"
No,Layout disorder in some webpages
No,Cannot type Chinese for inputs
No,Chrome inconsistently resizes anchor font on Nexus 6P
No,"When I attempt to update apps, it states I need to sign in to my google account, which I already have."
No,"When I attempt to update apps, it states I need to sign in to my google account, which I already have."
No,345
No,update
No,My messages are visible
No,"""org.chromium.chrome.browser.widget.ScrimTest#testOmniboxScrim"" is flaky"
No,My app is disabled
No,"Sanitizer CHECK failure in ""((IsAligned(p, page_size_))) != (0)"" (0x0, 0x0)"
No,Setting problem
No,Layout disorder in some webpages
No,Difficulty hitting touch points on edge of curved screen with Pixel XL (Android)
No,[Remoting Mobile] Update What's new texts for M70 mobile client releases
No,Não atualiza
No,An additional white autocomplete bar appears when an input filed is selected that isn't a password type
No,MHTML: remove unused cache control policy controls
No,Support GPU->GPU changeType transitions
No,[Chrome Duet] Bottom Toolbar enters bad state and become unclickable
No,canMakePayment() should return true for JIT installable payment handlers.
No,GPU.FYI Android bots fail angle_perftests
No,Wrong https status for any https address.
No,"Presentation API: Receiver pages won't play videos, complain about lack of interaction"
No,Crash in network::P2PSocketTcpBase
No,Bad-cast to blink::InlineTextBox from blink::InlineBox in blink::ToInlineTextBox
No,Chrome crashes after 2 seconds on my Android tablet with Intel SOC
No,[Android] Custom dividers in preferences look different from the standard ones
No,"""File Download not resumed from Ethernet to Wi-Fi, When Ethernet disconnected during download"""
No,SyncAuthManager doesn't enforce its supposed invariant
No,getUserMedia: QVGA Resolution throws error in Samsung S4 mini device
No,New version
No,Detecting if the XSS Auditor was triggered by changing the hash
No,no video is shown when play mp4 in chrome downloads
No,Muito ruim
No,Spike in microphone not working in Android M68
No,Turn on show build results by default for diagnose_bloat.py
No,Security: Mojo DataPipe*Dispatcher deserialization lacking validation
No,engji
No,Webview doesn't handle multiple keyevents froma t-9 keyboard
No,Add java_deobfuscate_test to CQ
No,Limit CPU & RAM granted to an android swarming bot’s container
No,[Android] parent_accounts text is misaligned on some Android versions
No,Experiment removing :hover timer
No,Re-enable multiple device support for webview run_cts.py script
No,DownloadTargetDeterminerTests flaky
No,Blue indicator does not appear on pinned tab on Windows when a new Hangouts chat message is received.
No,Enter one-line summary Android 7.1.1
No,css filter on parent changes fixed position behaviour of children
No,App disabled itself
No,Update best_revision calculation to use buildbucket v2 API
No,Support and enable VR tests on standalone devices
No,Re-enable testPeekWithPageScrollPercentage for ContextualSuggestionTest
No,Convert LoadRiskData(~) to use BindOnce instead of BindRepeating
No,"Remove implementation for ""Send first six digits of PAN when determining whether to offer to save"" project"
No,Image not shown correctly in reader mode
No,Make V8 compilation cache work with network service
No,Verify if speech recognition filter_profanities setting is relevant for Android WebView
No,I could not able to open my yahoo mail
No,Enable NoScript with whitelist support by default
No,Regression in text analysis from SkRemoteGlyphCache
No,Regex matching incorrectly cuts off result
No,Indicate that the keyboard accessory is part of Chromium
No,CSS: Grid properties should not accept unitless length quirk
No,OU component in certificate viewer differs by platform when multiple OU's in certificate
No,Unnecessary white line appears on toggle button
No,GetPatternsFromScopingType() is untested
No,Layout test fail to run with multi worker setting on android platform.
No,Many Bugs in my phone
No,Q
No,Good but not good
No,Got disabled by default. I can't enable it
No,"Chrome is clipping the top of the content of the page, can't scroll up to see it"
No,[Duet] Most visited tiles transition on fake search box focused on NTP is not correct
No,"[VR Browsing] The permission dialog appears blank, text appears after a few seconds."
No,NFC fails to fire Vrdisplayactivate on O
No,devtool remote device inspect position is wrong after enabling use-zoom-for-dsf
No,VR Iframe tests failing due to JavaScript not running properly
No,[VR Browsing] check boxes don't align with menu items in Closed Captions menu
No,Don't use N32 for resizing F16 images on Android
No,overflow:scroll causes flexbox child to be overlaid on top of another child
No,"When entering fullscreen mode, a blank screen is displayed"
No,It's not enable my device
No,New owmer
No,compilation issue with Jumbo builds
No,elementFromPoint / elementsFromPoint called on i-frame when on fullscreen Mode returns only root element
No,Wrong comparison instruction used for Generate_PushBoundArguments
No,Chrome ANR is seen while running stability test
No,Migrate HostCache code in net_internals_ui.cc to network service
No,Not open
No,Chrome bundle crashes on startup
No,App webview está desativado
No,Android webview crashes when opening URL in a new webview
No,VrFeedbackInfoBarTest#* flaky
No,1.2% regression in rendering.mobile at 584330:584330
No,Flickering images at bottom of page
No,New renderer processes on android are throttled until browser sends first priority update
No,It has been disabled
No,I has been disabled
No,XR tests not being properly listed
No,This app very use full pls supporting
No,Android OOP-D: Fullscreen transitions in chrome_public_test_apk broken
No,ld.lld error: undefined symbol when using MojoHandle and blink::MojoHandle in the same source file.
No,Media Controls: overlay pause button stays visible
No,[Duet] Bottom toolbar incorrect color in toolbar swipe
No,Chrome Modern Bundle crashes on browser start
No,[Duet] Tab switcher toolbar is incorrect color when themed page is focused
No,No certificate found dialog pops up visiting a site that has valid HTTPS
No,youtube_pinch_2018 consistently failing on N5X and pixel2 bots
No,getUserMedia: 4K resolution in Nokia 8 blacks out [Mobile]
No,find In Page does not highlight all occurrences of a search keyword
No,[m.youtube.com] Options under 'Settings' have shifted towards right side
No,CHECK failure: inline_text_box_.Start() + length <= first_line_string.length() in inline_text_b
No,Remove test-only methods/classes from production code
No,"Push Notification's ""Settings"" Action should take user to Notification settings instead of global Site Settings"
No,VRV doesn't play in the Chrome Browser on Android
No,"Play video of youtubetv sites in full screen under the horizontal screen, the interface freezes."
No,browser
No,I can't activate Android Webview
No,Chrome OS Filesystem.API read/write permissions has never worked since I had activated my Android OS device.
No,App is disabled
No,Not working in my phone
No,DeviceOrientation Events not available on content:// URLs
No,Window.prompt() is suppressed when viewed in standalone mode
No,Verify that v8's ASLR doesn't waste memory on all platforms
No,heap-buffer-overflow in [@ SkDashPath::InternalFilter]
No,Strange behavior with green https icon in the omnibox
No,Add size UMA metrics on clearing unimportant storage
No,LazyLoad: Load in all deferred frames and images when the user chooses to print the page
No,RestoreHistogramTest.testWritingHistogramAtStartup is flaky.
No,iframe load event should be fired asynchronously for initial about:blank page
No,Function Signature Mismatch Error When Using Dynamic Linking for WebAssembly
No,Page refresh tests for ChromeDriver become flaky
No,ISSUE OF SPEED & HANG OF THE PHONE
No,Investigate RAM reduction by ordering dex classes
No,Autofill responses are slow.
No,"Pop-up blocker string in Portuguese can lead to confusion about whether URL refers to pop up, or page that triggered it (Was: Hijacking Clicks)"
No,Smoother top bar animations for TWAs
No,Ensure metrics are recorded for TWAs
No,Race in browser process caused by reload after renderer shutdown
No,Malicious download && code injection attack in <audio> element
No,Security: spoof google via onbeforeunload of ssl error page
No,Many tests are crashing on WebKit Android
No,Mobile is no update
No,"""org.chromium.chrome.browser.hardware_acceleration.ToastHWATest#testOpenedInBackgroundToast"" is flaky"
No,"""org.chromium.chrome.browser.hardware_acceleration.ToastHWATest#testToastNoAcceleration"" is flaky"
No,Several VR tests failing on Oreo due to renderer crash
No,AR tests failing 100% of the time
No,"hit-test is failing with error ""ray does not map to screen coordinates"""
No,"""org.chromium.chrome.browser.hardware_acceleration.ToastHWATest#testNoRenderThread"" is flaky"
No,LazyImages: Avoid double-fetching tracking pixels
No,Media WatchTime takes into account custom control fullscreen
No,Keyboard Accessory covers page input fields
No,VR DFM: Use string reference for title
No,Compaction with interior slots broken when having inlined backing stores
No,lang attribute is not authoritative over CLD3 language.
No,libjingle injected with Profile::GetRequestContext() result via ProfileInvalidationProviderFactory / TiclInvalidationService
No,[blink-gen-property-trees] Add compositor-scrolling virtual test suite for fast/events/touch
No,Supersize apkanalyzer.py fails on monochrome multi-dex
No,"ChromeSigninController uses deprecated preference ""google.services.username"""
No,24% regression in blink_perf.canvas at 582046:582108
No,Add back ability to disallow indirect dependencies
No,SuperSize: Dex symbols from srcjars are missing subpaths
No,TTS stops working when app in background
No,Automatic Proxy-Authorization Header  Passing
No,Layout Test animations/animation-shorthand-overriding.html etc are crashing on WebKit Android (Nexus4)
No,We are seeing a crash in chromium randomly.
No,"Can't enter text in web form boxes, after browser has been open a while."
No,text scaling doesn't work on some pages
No,[Remoting Android] Resize-to-fit on Android
No,Crash on startup on incremental build
No,☂ Support Android native code downloadable module for VR UI
No,[blink-gen-property-trees] Blink sending scroll offsets to CC instead of scroll positions
No,about:blank should use UTF-8
No,34kb regression in resource_sizes (MonochromePublic.apk) at 583155:583155
No,double-tap on drive quick access fails most of the times
No,monochrome public release build is crashing at ToT
No,"The ""Desktop site"" checkbox from menu is not accessible"
No,Certain unescaped characters in URL query string break PageInfo links
No,Remove the Budget API
No,Scrolling progress of Simplified view is not retained after zooming
No,Android O WebView renders layout too small after 2nd loading
No,I had problem logging and my account was hacked
No,No me deja activar la app
No,"Autofill can be used to exfiltrate invisible data, including credit card numbers"
No,CSSAnimationsTest RetargetedTransition tests fail with blink gen property trees
No,CHECK failure: layer_state_->state.Transform() && layer_state_->state.Clip() && layer_state_->s
No,AnimationCompositorAnimationsTest.canStartElementOnCompositorEffect fails with BGPT
No,Implement Feature Policy: animations
No,Create new chromium-archive bucket for android_binary_size trybot html reports
No,1.3% regression in arm64 sizes at 582947:582951
No,"|git cl presubmit| failure: Unknown bot name ""Android N5 Swarm"" on waterfall ""chromium.swarm"""
No,URL bar on scrolled NTP behaves poorly in Duet
No,Add experiments support for the Autoview preview style
No,Autofill Dropdown Modernization on Android
No,Custom Tabs: do not show progress bar for local files
No,ANR When playing a video in webview
No,Placeholder text becomes selectable and prevents pasting
No,Payments autofill triggers on Amazon.de age verification PIN selection UI
No,Payments autofill triggers on Amazon.de age verification PIN selection UI
No,HBO media play error
No,Why is this disabled
No,Não roda app bradesco
No,How to get the latest android system library in ndk
No,Video codec switching flashes a white frame when SurfaceLayer is enabled.
No,Possible user-after-free in FileReaderLoader
No,NTP open tab in incognito window + prefetch hits assert
No,HLS video playback sometimes stalls out before playback can begin