BRA,Summary
Yes,Build error: NSAccessibilityRequiredAttribute clashes with a definition in the OSX 10.12 SDK
Yes,"Accessibility hit testing is inaccurate on Windows, Mac, & Linux"
Yes,Accessibility tree for element with Shadow DOM is dropped
Yes,implement AccessibilityTreeFormatterMac::BuildAccessibilityTreeForPattern
Yes,Implement AccessibilityTreeFormatterMac::BuildAccessibilityTreeForWindow
Yes,implement AccessibilityTreeFormatterMac::BuildAccessibilityTreeForProcess
Yes,aria-current no longer updating the accessibility tree
Yes,Accessibility events on ignored nodes should match equivalent tree changes
Yes,Regression: Text is seen overlapped on 'chrome://accessibility/' page.
Yes,[accessibility] Cannot navigate entire Facebook NewsFeed with VoiceOver on Chrome
Yes,NSAccessibilityTextMarkerForPositionParameterizedAttribute is declared but not implemented
Yes,NSAccessibilityEndTextMarkerForBoundsParameterizedAttribute is declared but not implemented
Yes,Regression: Unnecessarily focus stays over 'Add accessibility features' option present in settings page.
Yes,NSAccessibilityContentsAttribute is not implemented
Yes,use NSAccessibility SearchPredicateParameterizedAttribute consts instead strings
Yes,Feature Request: easier to record and copy events from chrome://accessibility
Yes,Activated page doesn't receive accessibility focus on portal activation
Yes,New form controls need Mac accessibility feature of “high contrast”
Yes,[Autofill Auth] [Accessibility] Interstitial dialog is not read by VoiceOver on Mac
Yes,AccessibilityActionBrowserTest.ImgElementGetImage is flaky
Yes,"Regression : Chrome crashes on entering any text in omni-box after clicking on Start recording button in  ""chrome://accessibility"" page."
Yes,"Regression: Chrome crashes on clicking back arrow in ""chrome://accessibility"" page after starting recording any of the page under 'Pages' section"
Yes,"Aria-expanded is not reflected in accessibility node, when element has role group"
Yes,Several tests output different or flaky accessibility trees on some OS's
Yes,Unify GetText on BrowserAccessibilityPosition and AXNodePosition
Yes,"Regression: Chrome crashes on clicking 'Start Recording' button in ""chrome://accessibility"" page"
Yes,"Accessibility DOM > Table > gridcell > when gridcell is focused, then selected state is send to reader"
Yes,"Elements > Accessibility Tool is broken, appears blank for every webpage"
Yes,A11Y: Mac OS X accessibility keyboard stops suggesting words in Gmail
Yes,chrome://accessibility unable to check box for Label images
Yes,chrome://accessibility changing checkbox status puts focus on the top of the page
Yes,Date picker popup - screenreader accessibility
Yes,The accessibility function is not reporting the AccName when the FOR attribute is used.
Yes,Should pure CSS tables be exposed as tables in accessibility?
Yes,"[User Feedback - Stable] Report of issue with form label accessibility, possibly with the accessibility panel in DevTools"
Yes,Accessibility uses much CPU time on big pages with animation
Yes,Regression: Movement of 'Performance/Accessibility/Best practices/SEO' icons are seen in 'Print preview' overlay on mouse hover.
Yes,Check failed: anchor_offset >= 0 (-1 vs. 0) in browser_accessibility_cocoa.mm
Yes,PDF accessibility tree is not getting generated for some PDFs
Yes,Chrome version 76 has issues with web-accessibility
Yes,Handle file rotation in the PDF accessibility.
Yes,The computed name of the input with a valid label is null in the accessibility tool
Yes,DevTools: Accessibility Pane does not recognize input name when explicit label is in use.
Yes,browser_accessibility_fuzzer: Timeout in browser_accessibility_fuzzer
Yes,Improve accessibility for tab sharing content border
Yes,DumpAccessibilityTreeTest.AccessibilityLabelUpdates is flaky
Yes,Accessibility computed properties not showing associated label elements
Yes,BrowserAccessibilityCocoa is using C++ undefined behavior; possibly causing crashes
Yes,Regression: [DevTools] Underline doesn't move to Accessibility/Best Practices/SEO/Progressive Web App numbers after clicking on it.
Yes,Copy for accessibility permission incorrect for some PDFs with revision 2 security handlers
Yes,PDF Accessibility tree has two kRootWebArea nodes
Yes,PDF Accessibility - Document Role is too generic
Yes,Support more accessibility metrics
Yes,"Regression: ""Accessibility"" text is seen overlapping with Accessibility meter on Print Preview page."
Yes,DumpAccessibilityTreeTest.AccessibilityInputDateWithPopupOpen flaked on Linux
Yes,DumpAccessibilityEventsTest.AccessibilityEventsAriaTreeCollapse is flaky
Yes,heap-use-after-free : -[BrowserAccessibilityCocoa accessibilityAttributeNames]
Yes,"[Voiceover Mac Accessibility] Once going out of web content, you cannot go in by pressing ctrl+option+shift+down arrow"
Yes,Replace child_count()/child_at()-like APIs with children() in ViewAccessibility and TreeNode
Yes,VoiceOver does not describe 'add accessibility features' as a button
Yes,"""Add""/""Choose"" button in Payment row is not attached in the accessibility tree."
Yes,Accessibility tree contains outdated lang attributes after translation.
Yes,PDFExtensionTest.PdfAccessibilityInOOPIF is flaky
Yes,mac a11y: figure out AccessibilityTreeFormatterMac versus NSAccessibility
Yes,Null-dereference READ in blink::AXObject::AccessibilityIsIgnored
Yes,Accessibility broken when basic authentication popup is displayed
Yes,Re-enable histogram in UpdateAccessibilityLabelsHistograms
Yes,mac: NSAccessibility implementation in AXPlatformNodeMac doesn't update accessibilityFrame
Yes,Regression: Chrome Canary wants to control this computer with accessibility features
Yes,mac: migrate to new accessibility API
Yes,Accessibility: Focused tab not visually visible in some themes
Yes,Text to Speech Accessibility is not working
Yes,Lag when using Accessibility API through chunkwm
Yes,"Media Controls Accessibility: Volume slider should read ""56%"" instead of ""0.56"""
Yes,Potential Use-After-Free in ui/accessibility/ax_tree.cc
Yes,Accessibility issues associated with search entry on local-ntp.html (Consider making it a normal/plain entry)
Yes,RemoteMacViews: Make accessibility work
Yes,Harmonize the firing of accessibility focus events when a window/tab becomes active
Yes,Table element accessibility with VoiceOver is broken when table elements have display:block
Yes,[MR Harmony UI Accessibility] Focus navigation with Voiceover on Mac shouldn't allow focus on scrollbar.
Yes,Accessibility: macOS high contrast setting degradation with new tabs UI in M69
Yes,[Accessibility] Omnibox Text Animation not picked up by Voice Over
Yes,"[MacViews] Accessibility - menu items cannot be activated with control-option-space, contradicting VoiceOver"
Yes,"ContentSettingImageView has the wrong accessibility role (AXStaticText, not AXButton)"
Yes,Chrome's web accessibility support causes massive performance issues
Yes,Performance issue: TextArea very slow when accessibility API turned on
Yes,Expose ARIA trees as tables in Mac accessibility
Yes,"Accessibility panel in dev tools is blank, creates ""Error could not instantiate"" error"
Yes,superG in omnibox accessibility
Yes,"Add ReadableBlendTowardContrastingColor(), use for tab titles and other accessibility-sensitive cases"
Yes,Drive results need a ::ToAccessibilityLabel
Yes,Internal chrome://accessibility page crashes due to favicons
Yes,Add an accessibility label to the tab switch button
Yes,Add tab switch announcement to accessibility label
Yes,Create appropriate accessibility text for omnibox rich entity suggestions
Yes,Accessibility improvements to MV links
Yes,Support AXSelected property for Mac accessibility
Yes,Heap-use-after-free in content::RenderFrameImpl::PostAccessibilityEvent
Yes,A11y: Chrome://accessibility Similar controls are not identified consistently
Yes,A11y: chrome://accessibility the controls on this page do not have clear descriptions
Yes,Autofill accessibility issues: can't use VoiceOver to discover autofill options or navigate them
Yes,Media Controls: accessibility: improve verbalisation
Yes,Element not exposed to accessibility tree when it is set to display: contents
Yes,Use all language signals from renderer when setting the default language attribute on the root of the accessibility tree
Yes,Media Controls: expose currentTime in slider accessibility value description
Yes,Change accessibility labels for More Actions buttons in chrome:settings/passwords
Yes,Regression: Button icon for 'Add accessibility features' is not seen in chrome://settings/accessibility page
Yes,Test all widgets activated in a browser test for accessibility violations
Yes,Chrome Dev tools unable to copy/paste from Accessibility computed value window
Yes,Proper accessibility implementation of TreeView and TableView
Yes,Browser crashes when requesting native accessibility tree from chrome://accessibility
Yes,"""DumpAccessibilityTreeTest.AccessibilityIframePadding"" is flaky"
Yes,[root layer scrolls] DumpAccessibilityTreeTest fails
Yes,[root layer scrolls] AccessibilityHitTestingBrowserTest fails
Yes,Views needs a better way to know when to ignore a node for accessibility
Yes,Blink accessibility should keep track of what characters changed in a static text node
Yes,Blink should report reason for text changes to the accessibility tree
Yes,"OneShotAccessibilityTreeSearchTest.VisibleOnly content_unittest fails in windows, mac and linux official builder."
Yes,"Crash when enabling and disabling ""Reduced Transparency"" in macOS accessibility"
Yes,Bad-cast to blink::LayoutBox from blink::LayoutInline;blink::AXLayoutObject::AccessibilityHitTest;blink::WebAXObject::HitTest
Yes,Chosen device access revocation button does not have accessibility text in Cocoa
Yes,Add Accessibility Text for Global Error Icon
Yes,High Sierra: Chrome crashes when Accessibility > Invert Colors is toggled
Yes,ClickHoldButtonCell causing accessibility exception throw
Yes,telemetry_perf_unittests (browse_accessibility:tools:gmail_compose) failing on chromium.chromiumos/Linux ChromiumOS Tests (1)
Yes,Heap-use-after-free in test_runner::AccessibilityController::FocusedElement
Yes,ARIA grids with authoring errors drop content from accessibility tree
Yes,Make the platform accessibility code internationalization aware
Yes,[Mac] Accessibility hierarchy of bookmark bar is incorrect
Yes,Resizing DevTools hits NOTREACHED() in Mac omnibox accessibility code
Yes,Chrom + ChromeVox - Accessibility - Live-region- not announcing the updated table
Yes,"Regression: [DevTools] Nothing happens on clicking ""Performance/Accessibility/Best Practice"" under 'Audits' section."
Yes,Need different accessibility information for bookmark folders in bookmarks bar
Yes,ChromeVox Accessibility Focus lost on overlay open
Yes,ChromeVox Accessibility Link within table not accessible
Yes,rebase_dump_accessibility_tree_test.py incompatible with polygerrit (404)
Yes,[Payments] [Desktop] Accessibility readout for input fields is not quite right
Yes,Password generation window has no accessibility support
Yes,Null-dereference READ in blink::AXNodeObject::NativeAccessibilityRoleIgnoringAria
Yes,DumpAccessibilityEventsTest tests disabled or flaky
Yes,[mac] Display::is_mononchrome not updated when monochrome enabled through accessibility
Yes,A heading inside a button is not exposed as a heading in the accessibility tree.
Yes,MD Settings: Iron-list accessibility in passwords page
Yes,Mac accessibility: add support for AXDOMIdentifier attribute
Yes,Accessibility - Select Label not being read out when voiceover enabled
Yes,ABBR element accessibility
Yes,Accessibility: Shortcut for Speak Selected Text does not work in Chrome
Yes,MacViews a11y: Plumb through NSAccessibilityActions to Views
Yes,Flickering of grey focus highlight on 'External paper button icon' is seen in chrome://md-settings/accessibility.
Yes,"Regression: in chrome://accessibility, incorrect focus position is seen on pressing Tab key."
Yes,Accessibility Tree: Grid only have 1 row
Yes,"Permission bubble image should not have ""image"" accessibility label."
Yes,"Permission icons in Page Info should not have ""image"" accessibility label."
Yes,MacViews bubbles: hidden close button appears in accessibility order.
Yes,PrintPreviewDialogControllerBrowserTest.PrintPreviewPdfAccessibility is spammy
Yes,Chrome doesn't auto-detect ZoomText for Mac and enable accessibility
Yes,Window not resizable via Universal Access (Accessibility)
Yes,Mac window title doesn't show up in accessibility inspector
Yes,Mac window widgets don't appear correctly in accessibility browsers
Yes,Chrome doesn't support any accessibility for web contents
Yes,Mac accessibility:  fixup tab buttons.
Yes,"Mac Accessibility:  when dynamic screen reader detection notifications implemented, ensure we update VoiceOver specific behavior changes."
Yes,write access error in accessibility on mac
Yes,Mac Valgrind leaks in BrowserAccessibility test setup
Yes,Mac accessibility:  implement ShowMenu action
Yes,Fails to activate any inactive tabs via the accessibility API
Yes,Mac accessibility appears hierarchical in VoiceOver
Yes,Mac Accessibility: support NSAccessibilityOutlineRole
Yes,MacAccessibility:  Better support RoleDescriptions for aria.
Yes,Mac Accessibility:  text area not correctly bounded
Yes,Mac Accessibility: fill in subrole mappings for aria.
Yes,Mac Accessibility:  aria list missing attributes
Yes,[Accessibility]: unable to activate header links on arstechnica.com
Yes,a11y: multi profile popup UI buttons needs accessibility action and keyboard focus handlers.
Yes,"Crash in WebKit::WebAccessibilityObject::lineBreaks (this=0xb6a83d68, result=@0xb6a837a0) at third_party/WebKit/Source/WebKit/chromium/src/WebAccessibilityObject.cpp:777"
Yes,Hung renderer in RendererAccessibility::SendPendingNotifications
Yes,Mac Accessibility: VoiceOver does not sync focus as you browse
Yes,Chrome: Crash Report -  RendererAccessibility::BuildAccessibilityTree
Yes,"Accessibility: Mac is mapping DivRole to Unknown, which causes div nodes to be ignored even when important"
Yes,Mac accessibility verifier AXTabGroup errors
Yes,Turn off accessibility when VoiceOver (or other AT) is explicitly turned off
Yes,chrome://accessibility crashes on Mac if you try to show more than one accessibility tree.
Yes,DumpAccessibilityTreeTest.AccessibilitySvg fails after Blink r155083
Yes,Google Software Update wants to control accessibility
Yes,Setting aria-activedescendant should set the accessibility focused element on Mac
Yes,Chrome not exposing placeholder text in accessibility tree
Yes,chrome://accessibility crashes the browser when trying to display some pages on a Mac
Yes,Migrate to formal NSAccessibility protocol
Yes,DumpAccessibilityTreeTest.AccessibilityInputDateTimeLocal fails on Mac 10.9
Yes,"""Switch person"" button needs a title for accessibility"
Yes,Accessibility: Chrome: VoiceOver unable to read edit fields within web pages.
Yes,"Accessibility: Chrome: VoiceOver unable to read the ""HTML Content"" area in OS X 10.11 El Capitan"
Yes,Fieldset legend not exposed by accessibility tree
Yes,PDF accessibility assumes horizontal text.
Yes,Accessibility tree for links containing images is inconsistent
Yes,Build failure: DumpAccessibilityEventsTest.AccessibilityEventsInputTypeTextValueChanged fails
Yes,Crash at objc_msgSend/NSAccessibilityGetObjectForAttributeUsingLegacyAPI
Yes,[Accessibility] Media Router dialog has warning for AX_COLOR_01.
Yes,[Mac] Chrome profile switcher accessibility improvements
Yes,[Mac] Chrome find in page accessibility issues
Yes,[Mac] Accessibility improvements for bubbles
Yes,[Mac] Infobar accessibility issues - in need of better spoken feedback
Yes,Accessibility: add tab and keyboard navigation to Mac user menu
Yes,Add accessibility features to --new-avatar-menu
Yes,MacViews: Implement NativeViewAccessibilityMac
Yes,"Should Chrome ever fire the ""Autocorrection occurred"" accessibility event?"
Yes,Mac Accessibility: VoiceOver only seeing focused element in web area.
Yes,Accessibility issues with CourseSmart.com
Yes,Investigate when WebAccessibility's with the same renderer_id's change roles.
Yes,Crash when going to yahoo.com with accessibility enabled.
Yes,Leak in BrowserAccessibilityManager::Create
Yes,"AccessibilityAria{Menu,Level} is failing"
Yes,Mac Message Center: Accessibility
Yes,[a11y] the buttons for closing browser tabs should provide friendlier accessibility label for VoiceOver
Yes,"MacViews(a11y): Views textfields don't provide accessibilityValue, acessibilitySelectedText, accessibilityNumberOfCharacters, role description, and maybe other important things"
Yes,Mac: Simplified fullscreen bubble should be announced when VoiceOver is enabled [Accessibility Eng bug]
Yes,Failed variable initialization leads to disability to assign value to it later
Yes,Date time month pickers + VoiceOver: not usable by screen reader users; keyboard only cannot open menu
Yes,Text in <strong> or <em> elements inside of a <label> element is not read by screen readers
Yes,Use of style text-transform: uppercase causes some screen readers to read text as acronyms (spelled out)
Yes,A11Y: Chrome Version/Screen reader : User is unable to retrieve Chrome version using screen reader
Yes,Security chip drag and drop: no equivalent for keyboard/screen reader users
Yes,"Screen readers not reading toast after toggling ""Allow Chrome sign-in"" in Settings "
Yes,"The close button on the chrome crash bubble view is not set as a focusable object therefore, trapping the screen reader user inside the dialog"
Yes,[Missing Test]: AX focus events not consistently firing in iframes [was: Screen reader is not able to interact with contents of iFrame.]
Yes,Screen reader focus should be on PDF document
Yes,Screen readers should read out changes in dependent settings
Yes,A11Y: Chrome Settings/Screen Reader: Screen reader does not announce the state of the show home button in Chrome settings.
Yes,Changes to aria hidden not respected by android screen reader
Yes,number input element gave screen reader an uncommon name - stepper
Yes,"Chrome ""add person"" icons not indicating selected status to screen reader users"
Yes,A11y: Extensions: When setting a keyboard shortcut there is no notification to screen readers
Yes,"Time A11y: Pop-up needs to announce time, and Esc needs to correctly hide from screen reader"
Yes,"Color A11y: pop-up and its inner UIs need to announce their states/values, and trap screen reader focus"
Yes,Color picker pop-up doesn't open with keyboard when screen reader is on
Yes,Learn more'  button(question mark) on requestDevice dialog is not meaningful/descriptive enough for screen reader users.
Yes,"Screen readers + keyboard only unable to access clear/stepper buttons inside input types date, time, number"
Yes,Cookie controls toggle not read by screen reader
Yes,Permission indicators do not announce themselves for screen readers
Yes,Screen reader can access items with tabindex=-1 that are inside of aria-hidden ancestors.
Yes,Chrome hangs/crashes when attempting to sign into a Google account with screen reader enabled
Yes,Screen reader reads out labels twice
Yes,AX focus events not consistently firing in iframes [was: Screen reader is not able to interact with contents of iFrame.]
Yes,Screen readers don't narrate properly pill elements in the input/combobox
Yes,Chrome browser: Screen reader doesn't detect correctly table with enclosed treegrid
Yes,Screen reader too verbose when reading time remaining in a media file
Yes,[Autofill] Screen readers VoiceOver and ChromeVox repeat suggestion information twice
Yes,chrome://history no headings for screen reader navigation
Yes,chrome://downloads no headings for screen reader navigation
Yes,Fix screen reader label for Drive results in omnibox
Yes,"A11Y: Screen reader says ""Extension enabled"" even when the extension is diabled in chrome://extensions page"
Yes,Screen reader focuses out of menus in Sheets
Yes,Tables are invisible on some pages while using a screen reader
Yes,Screen Readers can read the contents of iron-a11y-announcer
Yes,"Cross platform: HTML5 controls: with input type=""file"", screen reader saying nothing or ""no file selected"" when one was selected"
Yes,"Screen reader not reading text associated with ""disable"" button for UI restricted by extensions"
Yes,Using screen reader's default navigation keys (E.g. Control-Option-Arrow keys on Mac) doesn't allow the stop casting button to get focus.
Yes,"A11y: chrome://extensions, details page lacks headings, landmarks, etc. for screen readers"
Yes,Device selection state unclear with screen readers.
Yes,"Info type error messages cannot be reached and highlighted using keyboard, and read by screen readers."
Yes,"No devices found question mark button doesn't have screen reader label or clear selection highlight, and key to open link is unclear."
Yes,No devices found does not have a label for screen readers.
Yes,Screen reader does not announce title of print dialog
Yes,Fix screen reader value for Order Summary section of Payment Sheet
Yes,[PIP] Add screen reader support
Yes,a11y: Notifications that include tables for contents are not read by screen readers
Yes,a11y: App Info Dialog - screen reader users not informed when deactivated
Yes,a11y: Chrome switch person dialog does not have meaningful title for screen readers
Yes,VoiceOver and Google Docs: Search the menus not usable with a screen reader
Yes,"When using a screen reader, input type date does not announce its label text when focused."
Yes,a11y Chrome Omnibox: popup blocker not getting attention of the screen reader
Yes,Omnibox screen reader access: speak answer text when selected in suggestions
Yes,A11Y: File downloads are not announced to screen reader users
Yes,Screen reader not reading the zoom percentage when changing zoom level in the Chrome menu
Yes,Non-visible Downloads Bar buttons are shown to screen reader (VoiceOver)
Yes,[WebPayments] Screen reader does not always focus on title
Yes,Double focus events firing and disrupting screen readers
Yes,Screen reader ignores aria-expanded property of the tabpanel when expansion state controlled by tab
Yes,Inconsistent behavior with screen readers reading file names of images with empty alt text
Yes,Empty alt attributes are being removed which causes filenames to be read by screen readers
Yes,[MD Settings] Radio button issues with screen readers
Yes,[A11y Assessment - NTP] Issues with using voice search with a screen reader
Yes,[A11y Assessment - Toolbar] Not able to access the volume controls in tabs with keyboard + Screen reader
Yes,[A11y Assessment - Omnibox] Screen reader improvements needed when bookmarking page with star icon
Yes,aria-activedescendant changes in list boxes are not announced by screen readers
Yes,"a11y: security chip > cookies dialog missing labels, not read by screen readers"
Yes,"Mac Accessibility:  when dynamic screen reader detection notifications implemented, ensure we update VoiceOver specific behavior changes."
Yes,Elements with aria-hidden attributes are not read out correctly by screen reader once they become visible.
Yes,A11y: Notifications progress bar not indicating progress amount to screen readers on Mac
Yes,Cast mode drop down button doesn't have a label for screen readers
Yes,"Screen Reader support for ""Enter Password"" field for Profile Lock"
Yes,Make scrollLeft consistent and interoperable in RTL
Yes,Regression: Unnecessary element inspection focus is seen on entire right subtitle in incognito window after increasing minimum font size.
Yes,WebVTT subtitles goes to top of video area
Yes,The video player captions context menu doesn't distinguish between subtitles and closed-captions
Yes,Regression : Unable to scroll 'Subtitles' drop down list using mouse wheel for Google Doddle.
Yes,Brightness changes when subtitles are displayed on full screen video
Yes,Subtitles in HLS not being displayed
Yes,Old subtitle track is not deleted on 'src' attribute change
Yes,Netflix fullscreen with subtitles enabled in Chrome displays flickering screen issue every few minutes
Yes,GBWB extension doesn't work on 3PlayMedia transcription system
Yes,Blinding flash of white when opening new tab
Yes,using custom theme on dark setting(mac os) will make omnibar blinding white
Yes,I cant see or hear im blind and deaf
Yes,difference between enabled and disabled notifications is not clear in mac toolbar menu for color blinds
Yes,a11y: Missing labels found when testing MD Settings with VoiceOver
Yes,"a11y: security chip > cookies dialog missing labels, not read by screen readers"
No,IndexedDB Tombstone sweeper stats not gathering
No,CORB: Look into adding more protected MIME types for document blocking
No,Enable cross-site document blocking by default
No,DevTools: reduce a11y contrast line visual clutter.
No,Chrome Canary has dismal scrolling - fine on 63.0
No,Number of missing surfaces increased 1000x with Site Isolation
No,CoreAudio hangs on browser main thread.
No,5.6% regression in system_health.memory_mobile at 528459:528500
No,Chrome: Crash Report - cc::LayerTreeHost::AnimateLayers
No,Timeout in mhtml_parser_fuzzer
No,Asynchronous hit testing is broken for BrowserPlugin
No,Timeout in origin_trial_token_fuzzer
No,The macOS double-tap gesture cannot be prevented
No,Tester accounts cannot access chrome extension
No,"Spellcheck suggests ""alright"" instead of ""all right"""
No,Security: V8: A bug in the ObjectDescriptor class
No,Unified Autoplay doesn't work on forbes.com
No,Server Timing entries should be empty array for cross-origin resources
No,"password manager ""remove"" menu item removes the wrong password"
No,[root layer scrolls] DCHECK in PaintLayer::HasVisibleDescendant
No,[root layer scrolls] PDFExtensionTest fails
No,[root layer scrolls] AutoScrollExtensionSettingsWebUITest fails
No,[root layer scrolls] DownloadsToolbarTest fails
No,applicationServerKey does not accept a base64url encoded value
No,[root layer scrolls] PPAPI test failures
No,Flash player sometimes doesn't load
No,[root layer scrolls] DCHECK(IsAllowedToQueryCompositingState()) fails in interactive_ui_tests
No,Generalize object visitation for Oilpan and wrapper tracing
No,[root layer scrolls] CrElementsActionMenuTest fails
No,[root layer scrolls] SitePerProcessInteractiveBrowserTest fails
No,"Prompt got 2000 characters limit (default text in it), the same is with alert and confirm."
No,Timeout in feature_policy_fuzzer
No,Timeout in net fuzzers due to slow GURL normalization of IDNA.
No,[macviews] browser mode should be controllable via a feature
No,DOMException in onunhandledrejection handler has no stacktrace
No,Timeout in neteq_signal_fuzzer
No,Timeout in net_http_security_headers_hpkp_report_only_fuzzer
No,Timeout in pdf_cfx_barcode_fuzzer
No,Regression: Unable to see 'Removed' text for removed file on download shelf.
No,[Password Manager] Wrong password is saved on bithumb.com
No,[css-grid] Spanning Grid item has too much space at the bottom / is too high
No,Timeout in net_http_server_fuzzer
No,Regression : Overlapping of grey focus highlight is seen in chrome://settings/system.
No,Regression: Unnecessary browser navigated to 'about:blank' page after clicking on 'Reload' button.
No,Regression: I beam pointer is not seen in text field for www.foersom.com
No,Null-dereference READ in SkDiscardableMemory::Create
No,Regression:'Always allow sound...' text appears misaligned in manage sound permission bubble.
No,Tabbing from new class selector should place cursor within selector
No,HungRendererNavigationBrowserTest.HungRendererWithCrossProcessNavigation fails with mac_views_browser
No,multiple Windows ToT bots failing HangoutServicesBrowserTest.RunComponentExtensionTest
No,Regression : Unable to type anything in Google doc even if defaut text caret is present.
No,Timeout in net_http_security_headers_hpkp_fuzzer
No,Timeout in comfort_noise_decoder_fuzzer
No,Regression : Vertical Scroll Bar is missing after adding multiple bookmark entries on chrome://bookmarks
No,Regression: 'Run audit' and 'Cancel' buttons are not seen properly under 'Audits' section.
No,`canMakeyPayment` limitation is too tight
No,Timeout in audio_decoder_opus_redundant_fuzzer
No,Timeout in pdf_codec_fax_fuzzer
No,Timeout in net_data_job_fuzzer
No,Timeout in expat_xml_parse_fuzzer
No,Timeout in web_icon_sizes_fuzzer
No,Timeout in audio_decoder_opus_fuzzer
No,macOS 10.9: Check failed: [view isDescendantOf:frameView] when displaying a permission bubble in tab fullscreen.
No,Security: Crash in pdfium
No,Race in SitePerProcessBrowserTest.InputEventRouterTouchpadGestureTargetTest
No,putImageData ~4x performance regression between chrome 63 and 64(beta)
No,Uploading large number of photos from an AFP share to photos.google.com (~1800) consistently crashes Chrome on Mac
No,"Security: Whole-script confusable domain label spoofing with using (ԥ,ӊ...)"
No,DCHECK failure in op->IsAnyLocationOperand() in instruction.h
No,Password manager masks unmasked passwords after one is deleted
No,Regression: Flag names are seen shifted towards LHS instead RHS even after enabling Force UI Direction (RTL Flag).
No,[css-grid] Spanning Grid item has too much space at the bottom / is too high
No,Regression : ‘Download’ option for PDF does not work when using an ‘PDF Viewer’ Extension.
No,Clipboard Events should have the default composed flag be true
No,navigator.language result differs between english and other languages
No,Out-of-memory in css_parser_proto_fuzzer
No,Regression :Chrome browser crash is observed in devtools.
No,Audio continues to play from video within an extension after Chrome closes
No,Regression:Count of bookmarked url doesn't appear in context menu of bookmarks bar folder.
No,desktop-pwas: Installed sites with manifest that open in windows shouldn't always be considered PWAs
No,Regression: Unwanted horizontal scroll bar is seen on add languages overlay.
No,Security: Chrome Incognito is caching previous sessions
No,Security: Unknown crash (issue 518206 can be reproduced)
No,input range on rtl pages doesn't track mouse correctly
No,Regression: Unable to scroll long list of bookmarks on the right side vertically
No,Synced passwords reappear after being deleted
No,Two step registration fools chrome into not knowing the username
No,Web trackers exploit browser login managers
No,"Chromium does not open any webpage also not settings page only with cli option ""no-sandbox"""
No,alt shift arrow (left/right) closes all tabs
No,[css-grid] gap is not honored with collapsed tracks (due to auto-fit) and align-items center or end
No,BUG:Sponsored section
No,Improve the scrolling algorythm when content resizes
No,Web Store extensions can be made to have no toolbar icon
No,"""Playing sound"" alert stuck turned on for silent tab"
No,Regression: blank screen in chrome://inspect/#devices
No,Chrome Print document section does not allow
No,Homomorphic URL attack . Visually correct url resolves to fake site.
No,Null-dereference READ in blink::Frame::GetPage
No,Heap-buffer-overflow in mov_read_stts
No,CHECK failure: !node || IsElementOfType<const T>(*node) in Element.h
No,Crash in v8::internal::Simulator::LoadStoreHelper
No,Unreachable code in objects.cc
No,Ill in v8::internal::Code::Kind2String
No,inputs with placeholder that are cells of css grids collapse when inputting text on Osx
No,"Link away from scrolled dynamically loaded content, then ""back' returns to top of page."
No,Missing Images on pages - Skia + Discardable Images texture bindings interaction
No,SkLayerDrawLooper serialization/deserialization mismatch.
No,[MD Extensions] Evaluate old UI's Kiosk mode tests and possibly port
No,Cannot use password autofill on FasTrak website with --fill-on-account-select flag enabled
No,6.1%-9.9% regression in memory.desktop at 528576:528631
No,Website SSL certificate pop up display freeze
No,[css-grid] CSS Grid's minmax() breaks with explicit style size on child elements
No,FPS meter inaccurate when painting enabled
No,Chrome main process memory leak [2GB] in glib.
No,Couldn't manually trigger print via MediaQueryListEvent
No,Improper number of pages in print mode in case of dynamic content
No,The checking underflow in PushPullFIFO.cpp never gets invoked
No,Security: V8: JIT: Type confusion in NodeProperties::InferReceiverMaps
No,DigiCert High Performance Log 2
No,Local Screen Casting: Presentation window is not in focus after creation
No,Timeout in paint_op_buffer_eq_fuzzer
No,Timeout in skia_pathop_fuzzer
No,super weird error while developing on chrome and using debugger on your javascript When refreshing many times the page
No,WebAssembly unable to allocate memory above 1GB
No,a[download] attribute not honoured in extension context on Chrome 65
No,KitchenSync Mac and Linux Dev Waterfalls are broken due to time outing tests (TryDismissSyncConfirmationDialog)
No,Implement WebSockets over HTTP/2
No,CSP: Implement `prefetch-src` directive.
No,3.8%-4.2% regression in system_health.memory_desktop at 528427:528547
No,1.3%-369.2% regression in v8.browsing_desktop at 528576:528600
No,Regression: Option+Shift+Left and Option+Shift+Right close tabs instead of select prev/next word
No,Regression: Separator line doesn't appear properly after dragging any bookmarked url.
No,Regression: Unnecessary second chrome://settings tab opens when navigated through Incognito Window.
No,[DevTools] Focus get lost from added pattern checkbox under 'Request blocking' section
No,Regression: Text on bookmark page is seen chopped after resizing browser window.
No,Garbage not collected when ArrayBuffer is transferred to a worker using postMessage
No,"After resuming from sleep, all renderers render blank / corrupt, even after chrome://restart. Requires reboot."
No,[Incremental Shadow DOM] Fix layout of <marquee> element
No,[Missing Test]: Inspect on embedded <webview> gets incorrect element
No,[Missing Test]: Regression:Nothing happens after clicking on ’New File’ in sources section of dev tools
No,[Missing Tests]: [MD Bookmarks] - No horizontal scrollbar in bookmark folder tree
No,"Links from external applications like IntelliJ IDEA, Discord, and Spotify don't open in Chrome"
No,Null-dereference READ in SkImage::width
No,Save As PDF results in a huge asset
No,DevTools: Network.continueInterceptedRequest doesn't work when security error occurs
No,viz/mac: Update the CALayer tree directly from GLRenderer (if there are gains)
No,HTTP CSP header not taking affect in saved websites
No,Unable to type word in normal and then bold style
No,Two-finger trackpad scrolling is unreliable on macOS
No,Newly added mojom files bypass security review enforcement
No,Font outlines are being artifically emboldened
No,Extension api - devtools.network.onRequestFinished registered handler won't get called for some requests
No,Run latency experiments to evaluate different families of post-quantum key agreements.
No,Add UMA tracking for Lighthouse audit categories
No,"Application tab does not show all Cookie origins on reload, only shows one"
No,transforms of parent nodes are not applied to foreignObject within an SVG
No,[MD Extensions] Respect ProfileInfo#isSupervised boolean
No,DevTools: Image with border shows incorrect size
No,All values for 'hyphens' property are not shown
No,Regression : The buffered section on the seek bar appears blue for video.
No,Abrt in sk_abort_no_print
No,NULL
No,Saved website not displaying background images declared in CSS files
No,Regression:Google logo does not get change on using extension 'nyoogle'
No,Regression: Flickering of data is seen on reloading the page.
No,Prevent the reserved .test TLD from searching from the address bar
No,Chrome ignores autocomplete=off
No,Regression:Spacing issue is observed for text after adding new folder in bookmark overlay.
No,Regression: Text continuation is seen for Flash permission in page info bubble.
No,Devtool becomes unresponsive.
No,[Missing Test]:Stopping CanvasCaptureMediaStreamTrack prevent other MediaStreamTrack from stopping
No,Unexpected Failures in external/wpt/FileAPI/url/sandboxed-iframe.html
No,Regression : Horizontal scroll bar is not seen after resizing browser window to LHS in chrome://Bookmarks.
No,dragend event firing immediately when manipulate the DOM in the dragstart event
No,DevTools: breakpoint debugging does not work with Persistence2
No,doesn't tell me magnification when there is no url
No,Repeated call on ServiceWorkerDataPipeReader::OnHandleGotSignal
No,midi::TaskService uses condition variables on the IO thread which is disallowed
No,"[MD Extensions] ""Allow in incognito"" should respect ProfileInfo#isIncognitoAvailable"
No,"[MD Extensions] ""Load unpacked"" button should respect ProfileInfo#canLoadUnpacked."
No,1200% regression in battor.trivial_pages.cpu_time_percentage_avg.TrivialCanvasPageSharedPageState
No,MD Extensions: Error Console: Lots of scrolling is needed with many extension errors
No,Negative text-indent on inline-block won't reduce width correctly with more than one inline element
No,gn: Scope-in-list is formatted really badly
No,Gray strip appears at the top of the screen
No,Remove wildcards from manifests
No,virtual/mouseevent_fractional/fast/events/wheel/mouse-wheel-scroll-latching.html flaky on win7_chromium_rel_ng
No,"""Event Listeners"" pane in the inspector doesn't update when removing Event Listeners from console"
No,"Ads blocked bubble UI on Mac ""Learn more"" link is broken"
No,Chrome is unable to scroll to #section in a website menu option is clicked
No,"[css-grid] if there is an undefined element in the grid, other elements rows' height is changed strangely "
No,TabStatsTracker: Measure how much time a tab spend in foreground
No,WebGL Error fired' breakpoint fails to stop at correct location
No,Oilpan thinks those DOM trees are still rooted
No,"In autofill settings, we should update existing data if possible."
No,Track the number of tabs that have been visible or audible but not interacted with.
No,chrome://tracing does not save to the correct filename
No,Massive renderer (GC?) pauses on several common websites
No,<shape-function> clip-paths on SVG elements incorrect when subjected to zoom
No,Chrome Auto Fill Suggestions for Credit Card Information
No,Extension error no longer displayed on chrome://extensions
No,"chrome's innerHTML should use fragment parsing algorithm, but it uses document parsing algorithm"
No,Confusing tabs in “Network” section of web inspector
No,Media Engagement Preload: measure load time and lookup time for DB
No,"clipboardData is null inside clipboardEvent, when the event is created using ClipboardEvent constructor"
No,Socket pools spawn redundant connect jobs when orphaned connect jobs are available
No,Null-dereference READ in SkCanvas::getTotalMatrix
No,Regression:Separator lines get blur when zoomed to 90% in chrome://cache.
No,Ensure that exporting passwords does not reuse the 60s grace period from viewing passwords
No,Right-click context menu shouldn't show before mouseup!
No,CHECK failure: false. failed to open UTS46 data with error: 4. If you see this error message in
No,".onion domain zone should not be marked as ""not secure"" even on HTTP access"
No,[Missing Tests]: Migrate geolocation interfaces from being hosted by //content/browser to being hosted by the Device Service
No,"[Missing Tests]: Add metrics to measure loading usage of {back,fore}ground from {main,sub}frames"
No,DataTransferItem always showing type: image/png when clipboard is a file
No,DevTools: network.requestIntercepted event doesn't provide initiator
No,Images wobble when both blur and hover are on the same element
No,CSS Clip-path with svg path not dispatching events
No,"strict-dynamic CSP source extensions do not apply to link elements with rel=""import"""
No,[root layer scrolls] CaptureScreenshotTest fails
No,Lack of Mac10.13 trybots breaks rebaseline
No,AutofillTable::RemoveAutofillDataModifiedBetween has unwanted semantics
No,Not opening link from Outlook when waiting for applying a Chrome update
No,touch-action:manipulation on large number of elements has huge performance hit
No,HTTP2 connections block for 5 minutes when resuming
No,[MD Extensions] Turn on MD Extensions by default on ToT
No,background-clip:content-box in td does not behave correctly
No,chrome.windows fullscreen WindowState removes toolbar and URL bar on macOS
No,PSL matched and linked credentials are hard to unlink
No,www.goraw.com: Why is the print button aligned on par with the other icons?
No,extensionview cannot do cross extension navigation with OOPIF based guests
No,NULL Deref in Sprite_D32_S32A_Xfer::blitRect in filter_fuzz_stub
No,Security: use-of-unitialized-value in getType (SkMatrix.h:128) in filter_fuzz_stub
No,[css-grid] Not painting item that overflows the grid container and tracks on scroll
No,"Harmony extension popup is 1px too high (Mac), 1px too low (Windows)"
No,DEBUG_AUDIONODE_REFERENCES doesn't compile
No,Make feature trials available earlier
No,Linux sandbox memory limits are overly restrictive
No,"Copying a space after a link at the end of a break line, this space will be ignored."
No,Net.QuicClock.SkewOffset histogram is not mapped in histograms.xml
No,New date time of day wrong depending on constructor format.
No,"[Password Manager] Merge save and update bubbles, and implement username/password editing"
No,Stopping CanvasCaptureMediaStreamTrack prevent other MediaStreamTrack from stopping
No,Suggestion: BackgroundModeEnabled policy for Mac
No,Regression:Download entries overlap on download shelf.
No,Image with opacity in container with flex center and odd width has 1px cutoff
No,"Unintuitive behavior when ""Download PDF files..."" enabled and Chrome is the system PDF viewer"
No,Regression: Spacing is not proper for radio buttons in blocked pop-up bubble.
No,System Font List
No,Unnecessary undo button is enabled in context menu of name/url field.
No,Broken link on the webpage
No,Site name must be the first in the omnibox list
No,Regression: Capture Setting gear icon is misplaced in Devtools under Performance section
No,HighSierra: Mouse tracking broken for blue hover effects on Cut/Copy/Paste in wrench menu
No,Page artifacts flashing within video window
No,XSS on chrome-search://most-visited/title.html (NTP)
No,CSS Injection on chrome-search://most-visited/single.html (NTP)
No,Stack-overflow in blink::FindPlaceForCounter
No,Credit card expiration date is not displayed on 'Name on card' popup & autofill touch bar on Mac touchbar
No,Clicking the app icon when chrome is already open should not cause a new window to be opened
No,Secure-only cookies seem to be allowed on insecure sites on Canary and Chromium
No,Print mediaquery is being deactivated before print dialog is closed
No,Settings: Delete old Clear browsing data dialog
No,"10.9: Bookmark Toolbar's ""Apps"" button gets elided (displays ""A..."")"
No,MD Extensions: Error Console: No focus indication for errors
No,MD Extensions: Error Console: A11y: Unhelpful code snippet
No,"While saving a file (like .docx or image) as PDF, its filename contains original file extension."
No,Gmail standard view will not load with strict site isolation enabled
No,XSDB: Check origin rather than site
No,Google logo doesn't show up on Google homepage
No,Clean up RPH logic dealing with active views to consider pending views when needed
No,Can't view the contents of injected stylesheets
No,Show only 3 items on the credit card autofill touch bar
No,Multiple Monitors & Bookmarks problem
No,Network Panel filter doesn't scroll on x-axis - hard to work with when dealing with long filters
No,Security: V8: Bugs in Genesis::InitializeGlobal
No,telemetry_perf_unittests failing on chromium.mac/Mac10.11 Tests
No,DevTools 'FunctionCall' category doesn't report columnNumber
No,Stack-buffer-overflow in SkPackBits::Unpack8
No,Member pointing to WTF containers is incorrect
No,Autocomplete UI does not scale to match browser zoom settings
No,Failing DCHECK for invalid favicon url from content setting
No,The first candidate of URL completion is overwritten by the current url
No,Enforce 825 day BR compliance period for publicly trusted certs
No,Security: Browser based Relative Path Overwrite
No,assertion in SkGradientShader.cpp(177)
No," ""%2E"" encoding instead of ""."" on https://support.google.com/a/answer/33327 for non en languages"
No,assertion in SkPerlinNoiseShader.cpp(412)
No,assertion in SkRRect.cpp(47)
No,assertion in SkLightingImageFilter.cpp(1140)
No,assertion in SkPackBits.cpp(105)
No,Regression: Chopped focus is seen on chrome://extension page while pressing tab key.
No,Stack-overflow in icu_60::UnicodeSet::applyPattern
No,Redirect URL leak via error message of WebGL texture
No,Label attribute for <option> element is ignored in quirks mode
No,[Missing Tests] : Regression : Audit process in second tab doesn't get completed and progress bar is seen incomplete in devtools.
No,[Missing Tests] : Implement Finch fallback to HTTP
No,Standardise installability URL display to origins
No,DCHECK failure in index >= 0 && index < length() in string-inl.h
No,Transfer size equals to content size only happens on first item in network panel of DevTools
No,Result of Array.prototype.includes erroneously enters conditional block
No,"In latest version of chrome, onmousedown doesn't work for a draggable input box."
No,DevTools can be detected using redefined nodeType getter
No,Security: use-of-unitialized-value in GetScale (SkUnPeMultiply.h:29) in filter_fuzz_stub
No,CHECK failure: false. failed to open UTS46 data with error: 4. If you see this error message in
No,"""Load unsafe scripts"" UI is too subtle"