BRA,Summary
Yes,Inconsistencies with visual cue used for remote controlled browser session
Yes,Users can be tricked into thinking sites are encrypted with new visual cues added by bug 417844
Yes,Metro firefox needs a visual cue when a URI is loading
Yes,no visual cue on how to exit customization mode in UX builds
Yes,[Linux] No visual cue as to what item is selected via keyboard navigation in in-content preferences
Yes,Most visited tab displays the URL of IDN in Punycode transcription.
Yes,Text referencing Talkback in about:license should be removed
Yes,Talkback installer percent should be set back to 20% for final-ish releases.
Yes,Installer Does not close Mozilla gracefully; Talkback pops up
Yes,Crash; Talkback window has no buttons
Yes,Talkback is unable to connect to report crashes
Yes,Talkback server needs to be functional for final 1.5 release
Yes,Talkback is not installed with the installer
Yes,"Talkback ""not compatible"" with 1.6a1"
Yes,crash (see Talkback event TB11273741W)
Yes,Talkback is not triggered on Firefox crashing
Yes,Talkback fails to remember settings
Yes,"Firefox crashes on startup, Talkback does not trigger."
Yes,Crash on startup with Talkback enabled using XP x64 SP1 [@ msvcrt.dll + 0x48cc3 (0x77be8cc3)]
Yes,FireFox sometimes crashes (opens Talkback) when closing while applet running [@ IM_get_input_context]
Yes,DOM inspector and Talkback not installed in trunk
Yes,Firefox not starting with the Talkback extension enabled
Yes,"FireFox crashing on this site, Talkback agent *does not* catch this crash"
Yes,Quality Feedback agent (Talkback) does not come up when Firefox freezes
Yes,Talkback no longer working
Yes,Javascript popups crashes Firefox when Talkback add-on is enabled
Yes,shut down Firefox by data execution prevention no Talkback
Yes,Talkback network error -- processing failed
Yes,Set Talkback random percent to 100% for nightly builds
Yes,Installer chokes on Talkback : -214 DOES_NOT_EXIST
Yes,Firebird needs Talkback
Yes,Firefox continues to use old Talkback version (Firefox10) even when upgraded to 1.5
Yes,"Firefox and Talkback crash reporter:add FULL proxy support please.I'd failed to use few proxied configurations, details are inside."
Yes,Fullsoft/Talkback crashes system when navigating from one page to the next in e-bay
Yes,Firefox crashes without warning. Talkback does not appear (it usually does in such situations)
Yes,[Windows installer only] Talkback not available in custom install
Yes,Message component no longer shows a subtitle
Yes,after new update to 3.03 toolbar gone nuz's wit subtitle downloadhelper
Yes,"""Create your account"" screen has a subtitle of ""bah"""
Yes,Plugin Installation popup window is not accessible for JAWs screen reader.
Yes,Cannot read Web site elements with physical mouse in version 33 while using Window-Eyes screen reader.
Yes,Accessibility: Indicate the selected tab for screen reader users
Yes,[a11y] Make container tab type more easily accessible to screen reader users
Yes,Accessibility: Unable to read One-Click Search Engines in NVDA screen reader browse mode
Yes,Celebration Toast is not read by the screen readers
Yes,Search Tips :  screen reader on ubuntu not working
Yes,Announce the open file in focus action to screen readers
Yes,Make info bar and doorhangers distinguishable for screen readers
Yes,Search suggestions prompt unusable by screen reader users
Yes,More accessibility fix-ups for screen readers
Yes,Accessibility -  On mouse hover the autocomplete results are no longer read by the screen reader
Yes,"[a11y] The identity-popup-security-expander button has no label, doesn't indicate expanded state to screen readers."
Yes,Label for the multiselect not read by the screen reader
Yes,Labels for screen readers are missing from about:preferences#sync
Yes,Yahoo mail password entered is read by screen reader applications
Yes,"When screen reader running, prefer external viewer for full page plugins"
Yes,Serious JS GC crashes since when used with screen reader
Yes,context menus don't work with screen readers starting on 09/21
Yes,"Feeds preferences, visual reader choice association must be explicit for screen readers"
Yes,Delayed selection confuses screen readers
Yes,Name of preference tab can not be reported by screen readers
Yes,Links are not read by screen reader
Yes,static text content in alert dialog can't be read by screen reader
Yes,New poped frame will not be reported by screen reader.
Yes,Text in webpage will not be reported by screen reader.
Yes,Firefox help content list items can not be reported in screen reader.
Yes,Table column headers not read by screen reader when traversing rows with screen reader table reading commands.
Yes,search toolbar pulldown has changed behavior from ff 2 which breaks a screen reader
Yes,Minimizing Firefox with WindowsKey+M leaves screen reader users stranded in unnamed tooltip window
Yes,It's easy hanging the desktop if there are orca screen reader and firefox3.5.1 running together.
Yes,Changing focus to the new tabs toolbar results in very verbose speech output with screen readers.
Yes,Context menus under links do not speak with Orca screen reader running.
Yes,Dropping the Javascript toggle from Options/Content is causing difficulties for screen reader users who frequently need to toggle the use of JS.
Yes,Save As dialog not completely read by screen reader (JAWS)
Yes,Provide error to screen reader if Firefox is not running with the modified window hierarchy
Yes,jaws and NVDA screen reader don't read anything in screen review mode
Yes,accessibility events sent by the JAWS screen reader are getting fired at the wrong element
Yes,In Firefox 42 and Nightly build releases the enable multiprocessing mode related check box block caret navigation accessibility for Orca screen reader
Yes,Redirection bar not annouced by screen reader
Yes,Impossible to navigate bookmarks and history menu with a screen reader in a few recent builds of Nightly.
Yes,MSAA properties and screen reader problems when installing Add-on updates
Yes,Add-ons window additional screen reader issues
Yes,The new buttons that can be added to the toolbar don't announce themselves to screen readers as buttons.
Yes,Make toolbar badging accessible to screen reader users
Yes,Message bar buttons need accesskeys to be usable for screen reader users
Yes,"Shift+tab to quick search from outline fires focus events in bad order, affecting screen reader"
Yes,Device name not reported when using synced tabs menu with a screen reader
Yes,Turn off new visual Ctrl+tab switching when screen reader present
Yes,Improve screen reader readability of the Help/About window
Yes,"Firefox open in off-line status and is inoperable with no apparent fix, opening from a book mark that I have used for over a year with no problem, uninstalled and reinstalled, same problem"
Yes,Flash Player Settings Manager becomes inoperable when page is zoomed in/out
Yes,Closing last window makes browser inoperable until quit and restart.
Yes,Dropdown menu invisible and inoperable
Yes,renders app inoperable
Yes,URL Address Bar and Search bar are inoperable.
Yes,external refresh is rendered partially inoperable
Yes,"Save File To Does Not Stick, Download Status Bar Inoperable"
Yes,Firefox becomes completely inoperable.
Yes,history and bookmarks completely inoperable
Yes,Down arrow in vertical scroll bar is covered by page size symbol making it inoperable.
Yes,could this happen? downloaded Safari update inhibits javascript to be unrecognised by Firefox: BBC website inoperable
Yes,"Keyboard zoom keys inoperable for Firefox, but work OK for IE, Safari, and Chrome."
Yes,Google Maps is totally inoperable in FF 3.5.5.  Works fine in IE
Yes,Yoville double click features inoperable
Yes,"If Print Dialog box is moved, the PDF button and Pages radio buttons become inoperable"
Yes,Session restore inoperable
Yes,"When opening a PDF file in Firefox 4, keyboard input becomes inoperable. Mouse functions, somewhat."
Yes,Plug-in Check URL (stack) smashes Namoroka History and makes it inoperable.
Yes,"tabs got stuck mid-drag, tabstrip now inoperable"
Yes,Dropdown boxes become inoperable
Yes,"No Bookmarks Toolbar - Customize page has an inoperable ""toolbars"" button that opens a small black speck instead of a menu."
Yes,View > Character Encoding > Customize List dialog: Buttons are missing labels
Yes,missing label to GMAIL link in Firefox Start Page - http://www.google.com.br/firefox?client=firefox-a&rls=org.mozilla:pt-BR:official
Yes,Google Spreadsheets toolbar is missing labels
Yes,Button missing label when using unverified email w/ Sync+FxA
Yes,"""View History Sidebar"" menu is missing label for  in Library toolbutton > History"
Yes,Still not fixed (Bookmarks window cannot be re-sized) essential for disabled users and those with visual impairments
Yes,"New tabs are in white, undesirable for vision impaired"
Yes,Scrolling impaired with some internet forums
Yes,Firefox 1.0.7 copy function impaired.
Yes,"I am visually impaired in all versions of Firefox since 22 when high contrast mode is enabled the Firefox toolbars stay white, but the text is also white and unreadable"
Yes,Crashing site reported -- with disability access
Yes,No way to close the pop-up blocker information bar from the keyboard - which affects disability access
Yes,"When set to automatically switch to new open tab, I get a blinding white flash on screen before the page loads."
Yes,Windows shell buttons (minimize/maximize/close) disappear when Windowblinds theme is applied if OMTC is enabled
Yes,Firefox windows continuously jumps up and down when started with Windowblinds 4 enabled
Yes,crash when unloading a windowblinds skin
Yes,Status Bar and Tabs text not visible in Windowblinds when using dark skins.
Yes,"Search result is not ""visible"" to the blind users."
Yes,Add bookmarks panel in Places UI is not accessible to blind users.
Yes,Firefox menus only partially disappear when FF3 is skinned using windowblinds 6.2
Yes,FileUpload blindness for full path name COMPLETELY blocks browser from local file system
Yes,"With the latest build of Firefox 4.0 Beta 1, Voiceover for the Mac has no access to any of the UI. Please, please consider integrating VO access to thousands of blind individuals desiring to use this product."
Yes,Since last update firefox topbar goes all black when I hover over close/minimize buttons with windows blind themes
Yes,Preferences broken when using Windowblinds
Yes,problem in using by colour blind peopel
Yes,The What's new message icon is missing alternative text
Yes,Browser shows title of images on mouse over instead of the alternative text (alt )
Yes,"Mac OS (Catalina) ""hover text"" accessibility feature doesn't work in webpages on Firefox"
Yes,Firefox does not generate an accessibility tree for PDFs
Yes,"Selecting multiple items breaks when accessibility setting ""sticky keys"" is activated"
Yes,XUL:menulist and HTML:select should follow native GtkComboBox keyboard accessibility
Yes,"I'd like an ""invert colors"" accessibility feature on Windows"
Yes,After using accessibility tool FF31 freezes while modifying the DOM with huge elements
Yes,Some pages some times only show the title to accessibility programs like JAWS
Yes,[UX] Review for accessibility
Yes,Update accessibility last loads prefs only when clients request content accessible interfaces
Yes,Suggest increasing visibility of default focus ring to improve usability/accessibility for keyboard users
Yes,Keyboard and accessibility related design in Download panel
Yes,Permanent search icon in front of megabar has no tooltip/accessibility label and no keyboard functionality
Yes,Intermittent browser/extensions/onboarding/test/browser/browser_onboarding_accessibility.js | Test timed out -
Yes,Firefox chrome accessibility tracking bug
Yes,Improve accessibility and keyboard interaction
Yes,Does not warn/prevent some types of redirects when accessibility.blockautorefresh is true
Yes,Investigate how automatic updates might adversely impact accessibility users in older distros
Yes,HTTP refresh header + accessibility.blockautorefresh causes refresh notification to disappear immediately
Yes,Bad accessibility/usability in network error pages
Yes,Figure out how we should expose the tab playing icon to accessibility clients
Yes,Need accessibility review for Synced Tabs sidebar
Yes,"Change ""Warn me when web sites try to redirect or reload the page"" checkbox label for accessibility.blockautorefresh to non-misleading text: it does not apply to HTTP Location header (301, 302)"
Yes,Search suggestions prompt breaks accessibility of location bar suggestions
Yes,One-off search buttons no longer get accessibility focus
Yes,[a11y] Expose whether a tab is (multi)selected for accessibility
Yes,"Missing accessibility labels on the buttons in the ""Select how you want to use Weave"""
Yes,#identity-icon has no label for accessibility when page is not secure
Yes,Add telemetry probes for actions on accessibility indicator button and accessibility privacy preference checkbox.
Yes,[Accessibility] arrowing among search results does not generate any accessibility events
Yes,Emacs-like shortcuts in Mac location bar should fire accessibility focus events
Yes,"Keyboard accessibility of Subscription Options ""Change"" button"
Yes,[e10s] Mouse wheel scrolling disabled after using accessibility tools on Ubuntu
Yes,Audit accessibility of new compact themes
Yes,open dialog does not show up in accessibility tree
Yes,Keyboard accessibility issue in creating a container in about:preferences#containers
Yes,windows/aarch64 -  browser/base/content/test/tabs/browser_accessibility_indicator.js failures
Yes,Intermittent test_accessibility.py TestAccessibility.test_valid_single_tap | MarionetteException: Please start a session
Yes,"Intermittent browser/extensions/onboarding/test/browser/browser_onboarding_accessibility.js | This test exceeded the timeout threshold. It should be rewritten or split up. If that's not possible, use requestLongerTimeout(N), but only as a last resort. -"
Yes,[macOS 10.13.x] Address Bar Drop Down closes immediately after using macOS accessibility Zoom
Yes,Intermittent TEST-UNEXPECTED-TIMEOUT | browser/base/content/test/tabs/browser_accessibility_indicator.js | application timed out after 370 seconds with no output
Yes,Intermittent browser/base/content/test/tabs/browser_accessibility_indicator.js | Test timed out -
Yes,Intermittent [TV] browser/components/aboutconfig/test/browser/browser_accessibility.js | leaked 2 window(s) until shutdown [url = chrome://browser/content/aboutconfig/aboutconfig.html]
Yes,Doc loaded events still broken for accessibility
Yes,Some dialogs have extra text exposed via accessibility APIs
Yes,[e10s] Firefox spins forever trying to show the accessibility warning on linux
Yes,enable javascript > advanced: checkboxlist doesn't show focus (accessibility problem)
Yes,downloads > file types > plug-ins: not selectable using keys (accessibility problem)
Yes,Create a localized support page for accessibility and e10s
Yes,accessibility.accesskeycausesactivation is broken
Yes,"Page Info > Media: If accessibility.browsewithcaret=true, multiple [cursor down / up] in the media listbox broken, cannot preview subsequent media efficiently using keyboard navigation (accessibility)"
Yes,atk_object_notify_state_change triggers gobject critical warning when accessibility is turned on
Yes,(Australis) Failing accessibility focus tests on Windows 7/8 on the UX branch
Yes,Fix accessibility tests to not rely on an implicitly loaded about:blank document
Yes,Update e10s.accessibilityNotice.acceptButton.label string
Yes,"If accessibility recently ran, don't prompt to try e10s"
Yes,[a11y] History and Bookmarks sidebar containers have obscure label for accessibility
Yes,One-off search grouping no longer labelled for accessibility
Yes,XUL fixes for accessibility on PageInfo screens
Yes,Fix a couple instances of aaa:labelledby usage for accessibility.
Yes,Print dialog too large for screen when accessibility features being used; needs to be resizable
Yes,[meta] Searchbar accessibility
Yes,Text without <p></p> tags not showing up in accessibility hierarchy
Yes,Firefox crashes using accessibility module at Guardian Web site
Yes,1009 byte leak in GTK accessibility
Yes,Caret browsing doesn't send accessibility events from generated XUL texts
Yes,accessibility.accesskeycausesactivation is not honored
Yes,Not having the accessibility option to change the associated style sheet
Yes,accessibility.typeaheadfind.linksOnly and accessibility.typeaheadfind.startLinksOnly ignored
Yes,"accessibility.blockautorefresh does not detect ""refresh"" HTTP header"
Yes,Can't stop javascript:location.href redirects - accessibility.blockautorefresh ineffective
Yes,Find as you type active even when accessibility.typeaheadfind is set to false
Yes,Space bar loads javacript url instead of scrolling down page (accessibility.browsewithcaret = True)
Yes,JAWS 10 & 11 cannot read Flash accessibility components more that once on FireFox 3 and later.
Yes,With JAWS running in the background and a swf file call to flash.accessibility.Accessibility.active always returns false.
Yes,Poor accessibility with the opened toolbar
Yes,Copy(Cut)/Paste imported bookmarks/folders cause inaccessibility in library pane
Yes,Suggestion: Make keyboard handling (accessibility keys) configurable
Yes,accessibility keys missing in history menu
Yes,accessibility API mapping for section element
Yes,No way to persist zoom settings (accessibility)
Yes,Firefox start page - basic accessibility faults to tweak
Yes,Australis accessibility bugs
Yes,Tiles accessibility review
Yes,accessibility issue
Yes,accessibility
Yes,"[e10s] it's not clear why e10s is always disabled because of an ""accessibility tool"" despite a 'clean' install of Windows+Firefox"
Yes,Setting accessibility.blockautorefresh to true blocks login to impots.gouv.fr
Yes,Dynamic content is not refreshed for accessibility products
Yes,[e10s] Prompted to disable e10s for accessibility when no accessibility features installed
Yes,"[userstory] As a user who requires accessibility options, I need to be able to navigate the Control Center without using a mouse."
Yes,about:newtab is not built following web accessibility standards
Yes,Possibility to move buttons (accessibility for left-handed people)
Yes,"e10s is disabled due to a11y, but I don't use any accessibility tool"
Yes,Need accessibility review for Sync
Yes,"""Read from next item"" accessibility feature no longer works on Android"
Yes,"debugger doesnt report it's state clearly, no accessibility"
Yes,Busted accessibility in Prefs/Advanced/Encryption (aria-abelledby)
Yes,Page Info accessibility issues
Yes,Security review of accessibility inspector Developer Tools Tab
Yes,accessibility and private browsing indicators overlap the edge of the window on Windows 7
Yes,"Cannot select ""Prevent accessibility features from accessing your browser"""
Yes,[a11y] Remote control icon should not be exposed for accessibility when it isn't visible
Yes,Identity popup should be labelled by the Site information header for accessibility
Yes,[Control Center] Restore keyboard accessibility for identity panel
Yes,[a11y] improve accessibility of onboarding notification bar.
Yes,Same accessibility keys are used for three items in view
Yes,Various accessibility issues on about:home page
Yes,Disable e10s when we detect accessibility use on linux
Yes,Search one-offs container has incorrect accessibility role
Yes,Screen reader accessibility for doorhanger notifications
Yes,JPAKE pairing code is not accessible to accessibility APIs
Yes,e10s disabled due to accessibility when connecting with Microsoft Remote Desktop
No,-install-global-extension is broken on Firefox 3
No,Google toolbar is dead
No,Unable to install Adblock Plus
No,can not type in Bing Bar Toolbar v6.0
No,Unable to install Greasemonkey userscripts - Components.classes['@mozilla.org/extensions/manager;1'] is undefined
No,"JavaScript Error: ""Components.classes['@mozilla.org/extensions/manager;1'] is undefined"
No,"anchors with ""target={any option}"" cause errors if ""Open new windows in a tab instead"" is selected [caused by Norton Toolbar]"
No,form history manager extension not portable to Firefox 2.x due to API changes
No,BlockSite - Takes a long time to load web page and script error occurs
No,Error on registering mozctlx.dll
No,newest deskcut add-on loses history toolbar
No,"Bookmarks don't work correctly with latest version after adding ""download helper"""
No,"Firefox/Adobe fails to load certain pdf documents, firefox hangs"
No,Firefox fails to launch when certain extensions are enabled
No,Realplayer don´t work in Firefox 3.6.3
No,Yet Another Smooth Scrolling bug
No,Firebug breaks search
No,"After some modifications of extensions (e.g. an update) some buttons from customized toolbars (and sometimes also from ""Customize Toolbar"" window) get lost [caused by ubufox]"
No,Crash Report Helper 1.2 does not support 3.7a5pre and later
No,hesitant scrolling and slow response in gmail and all other tabs
No,Google Toolbar dosent function properly.
No,tab overflow
No,Media player 11 will not show video
No,using fireinput extension causes huge memory leaks in firefox running on Solaris 10
No,The Google Toolbar is unresponsive
No,"Clicking ""Send to"" on Google toolbar doesn't work as before recent update"
No,Firefox 2.0.0.8 has changed the Google Toolbar>Send to>Gmail behavior
No,FireFox 3.0.6 with plug-in 'Google Toolbar for Firefox' conflicts with TurnTool plug-in
No,"""List all tabs"" button takes multiple clicks to activate when dormant for a while [causes by Undo Closed Tabs Button]"
No,Firefox crashes when QuickTime popup for uninstalled plugin does not display
No,OOPP will kill plugin with modal dialogs
No,Tabs are sometimes displayed out of screen border [TabMixPlus]
No,Web Developer and User Agent Switcher addons not available/working for Firefox 3.5
No,Unable to save flash video and netvideo using realplayer sp or realplayer plus using firefox
No,extensions not working since 3.6.2
No,Realplayer download NOT working
No,I cannot write PDF file of a web page using Add-on PDF Converter Professional 6
No,got installed addon into a state where its components were not registered
No,Personas-theme in FF4b1 removes top window-chrome.
No,invalid 'in' operand plugin - line 651- in nsBlocklistService.js when java attempts to load
No,Forcefield inconsiderable.
No,Minefield does not read extension defaults any more. extension defaults preferences are not available in about:config
No,fart
No,Add-on Compatibility Checking is Disabled
No,Greasemonkey causes Firefox not to start
No,Firefox startup error message appears after restarting Firefox for updating Flagfox to version 4.0.6
No,At the opening of Firefox
No,firefox 3.6.4 crashes with some extensions iff extensions.ini is present
No,can't choose my windows download folder as default in download helper preferences
No,Check for Updates does not work
No,"On Firefox initiation an error box pops up with the following message: What happened: TypeError: Components.classes['@mozilla.org/extensions/manager;1'] is undefined.  Able to close the box and then Firefox with start.  However, it will not open the homep"
No,Feedback button disappears when Sync is installed
No,"Java app does not work, then Firefox stays in memory"
No,Nothing happens when I install an add-on
No,"Firefox 4 Beta 1 - right-clicking a link and clicking ""Open in New Tab"" will open new tab without browsing to that link"
No,Transparent background on drop-menu when right click over adblock addon
No,New dock icon when flash present on site
No,Snap Links addon not available/working for Firefox 3
No,It's Impossible To ADd Delicious Buttons
No,chrome.manifest not executed with bootstrapped harness.js
No,winamp toolbar - possible memory leak (V3.6.8)
No,Firebug unit test crashes FFx 3.7a5pre x86_64
No,Google Talk gadget doesn't work properly in FF 3.0 beta 5 + NoScript 1.5.6
No,ColorfulTabs add-on fails on Ubuntu 8.0.4 for FF3.1B2
No,Download StatusBar extension fails on FF3.1B2 Linux
No,Linky Add-on does not work with FF3.1B2 on Ubuntu 8.0.4
No,GooglePreview add-on fails on Ubuntu 8.0.4 for FF3.1B2
No,Better Gmail add-on fails on Ubuntu 8.0.4 for FF3.1B2
No,Google finance page locks up browser; flash content is live; rest of browser is locked up - no way to exit
No,firefox not responding when I downloaded a large ISO file from redhat support
No,"Total crash, if i close the Main Windows and reopen it while the Download is still active.  [@ ntdll.dll@0x38c39 ]"
No,TACO 3.10 upgrade from 3.02
No,Preview PDF file through PDF-XChange Viewer inside Firefox window spoils the GUI
No,"Since crash due to video card, extensions won't work after new profile or complete reinstall"
No,Youtube unable to load movies
No,Transparentcy not working on a mac..
No,tab browser preferences screws up displan
No,DEP Triggered on Vista when extensions.checkCompatibility is set to false on FF3 RC1
No,Quit browser while XUL dialog is showing causes seg fault
No,"Click on link and I get ""you have chosen to open xxxx.jsp.  What should Firefox do with this file?"
No,"SSLStatus.cipherName not accessible with ""partial encryption"""
No,"When a bookmark is clicked a new tab is created due to ""Bookmark Permissions"" extension"
No,trouble typing in download helper save-as dialog box
No,"Web access to Domino Lotus notes mail (at my college), frequent alerts and no attachments"
No,"Cannot access website using Firefox, nor does the Stumbleupon button do anything."
No,Javascript failures on Lotus Notes Domino web server
No,invalid display pointer passed on Private_Destroy (dpy=NULL)
No,No new extensions will install.
No,Media Player Plugin not compatable with server operating systems
No,tabs moused over with tab scope extension display in task bar as separate windows
No,"<xul:browser frameBorder=""0"" ...> ignored on second openPopup(...)"
No,Windows Media Player don't shows
No,Hear sound from swf reader and see score from pdf TOGETHER is only possible on short pages
No,Wrong tooltip may be displayed while moving between toolbar buttons
No,"All Add-ons are shown as ""Disabled for your protection. Some work. Can't enable any."
No,We are using a meta file to force the window media player to open after clicking on the link
No,update and now add ons & themes no longer work
No,Problemas no acesso à conta.
No,Google search toolbar is slow or stalled. Also Memory access error
No,"Browser window sized wrong, new browser window will not open, toolbar disappear"
No,contentaccessible=yes ignored for chrome content loaded with object/embed
No,Accent does not work in ie tab with firefox 3
No,No play button shown with Shockwave Flash 9.0r124
No,newest availiable java software not compatible with latest firefox browser
No,extension install silently fails because of NTFS filename length limit
No,document.evaluate aborts processing when using from an extension
No,Process.run doesn't launch exes which has the UAC protection.
No,Firefox 3 built with NXCOMPAT flag which breaks extensions that are compiled against old ATLs
No,"Java Error Pops Up All The time, but Java Works after dismissing the error"
No,some extensions make themselves incompatible or not for no reason
No,Use of named or numeric entity for '&' sign in DTD file causes error
No,This video played last night on Firefox. 3.0 & still plays on Internet Explorer
No,"Clicking on ""Create PDF object"" doesn't show PDF"
No,Message erroneously displayed on add-on usability
No,Exception accessing Java classes from Firefox extension’s Javascript
No,Freenigma stopped encrypting Gmail after newest Firefox release
No,Oracle Form Doesn't Run on Firefox
No,Using profile manager and selector I can't open link from external application
No,can't redistribute visual c++ 2005 runtime libraries in xpi
No,CEF Bank and Real Bank are not working in Firefox 3
No,The extension did not run as it was not complying with Vista's (64 bit) UAC
No,Systran plugin no longer works in beta
No,Unable to start Firefox 3.1 while Roboform 6.9.82 is running
No,Panasonic web browser interface for BB-HCM531A and BB-HCM547A does not show video
No,"Google Notebook causes tab bar to jump, and high cpu"
No,Generates a Windows error whenever closing Firefox.
No,Add-on fails SHA check in Firefox 4 beta (passed in Firefox 3)
No,its juss a typo... i do it all tha tyme
No,Cannot use Ctrl+Shift+cursor to select whole words when Firebug 1.6 installed
No,Grooveshark Popular section never loads - spinner persists
No,kjmkgj
No,FireFox 3.0 + Kaspersky 2009 causes high firefox memory usage
No,Error: Components.classes['@mozilla.org/extensions/manager;1'] is undefined (possibly .NET Assistant)
No,Google Analytics Opt-Out Add-On Not Supported
No,Wierd JS error: setting a property that has only a getter
No,HP Smart Web Printing causes toolbars to repeat several times
No,Using Firefox 3.6.13: Using 1-Click Youtube dowdloader V1.5: The youtube file did not download.
No,XPI files do not install if they contain PNG files created using certain applications
No,crashes when viewing web pages in ie tab since upgrading to newest Firefox.
No,[QAC generated] In Firefox Beta 8 build1 OK button in Options menu not work
No,Unable to use package tracking function on fedex.com website
No,Error popup when trying to bookmark a page using right-click on tab method
No,Incompatibility with latest plugins of Yahoo Toolbar & eSnips downloader
No,Cannot Customize Toolbars
No,Location bar returns bookmark results despite not being asked to
No,CPU hog when closing/opening database
No,Web site (kgs.gosquares.net) not working correctly in Firefox
No,Send page by email 0.6.3
No,Opening new tab causes funny focus behavior [caused by DivX HiQ]
No,Memory issue- Found script running excessive loads
No,Adobe Flash Player won't install
No,warning (Unresponsive Script source file: nsExtensionManager.js:623) while opening add-on manager window
No,Firefox 4b4  occasionally freezes on restart with multiple tabs (including app tabs ) open in two windows
No,Flash player doesn't work
No,OneClickYouTubeDownloader - HEAP: Free Heap block a285a70 modified at a285b54 after it was freed
No,Right Click Context Menu: Doesn't appear when right clicking on images with ONE click [caused by Image Zoom 0.4.6]
No,FF forgets add-ons
No,Add-ons that draw in chrome can't erase their regions
No,"In Firefox 4.* method  ctx.getImageData(0,0,c.width,c.height) not work for chrome js canvas engine"
No,Enter Button not works on address bar
No,cant get addons
No,Toolbar buttons randomly reset; StumbleUpon toolbar sometimes randomly disappears.
No,"since upgrade to 3.6.11 lost 1password panel, can not find way to restore"
No,Endless number of tabs are generated when opening streaming audio URL
No,Firefox buttons above web address field got screwed
No,Investigate reports of Yahoo toolbar not working after Firefox 3.6.11 upgrade
No,Tab scrolling arrows appear after opening Firefox (with app tabs?) [caused by Firebug]
No,Window can be resized while maximizing
No,"can't use firefox with the skype add on and use yahoo, slow loading and timing out of pages"
No,Sometimes opening links via Addon creates underline on the tab headline for website name [caused by Webmail Notifier 2.7.2]
No,"Extension updates and FF restart required after every system restart - XP and Win 7, FF3.6"
No,Sync account creation / login page not working (Minefield)
No,"If I click on a link that leads to a new page, the address bar still shows the previous page [IE Tab Plus]"
No,Strange app tabs behavior (eg. can't close them).
No,FF4 b10 black line separates active tab and URL bar [caused by Tab Mix Plus]
No,Failed file access because of packedxpi should trigger an error
No,Tab closing with a different behavior [caused by Tile Tabs]
No,Duplicate tabs left when unloaded with Bartab
No,I get an error when trying to install a logmein plugin for firefox.
No,Latest TestPilot makes the script engine halt
No,When multiple tabs are opened closing the inactive tab quickly switches focus to that tab [caused by Tile Tabs]
No,VideoDownloader addon not available/working for Firefox 3
No,wide window border under statusbar with XP
No,NSInvalidArgumentException: *** -[ENMozillaClipper performSelectorInBackground:withObject:]: selector not recognized
No,Skype 5 aggressive add-ons
No,cannot delete tabbed windows [caused by Sothink Web Downloader]
No,New window error console Detected an extension or script which conflicts with FireGestures
No,Flash Ads Disappear When Scrolling or When Mouse-Over to Another Tab (See Video)
No,UI Exploded - Back functionnality disabled (button and keybord shortcut)
No,cooliris app doesn't work with new firefox
No,App tabs scrolls after firefox restart [caused by User Agent Switcher]
No,The Google Toolbar 7.1.20101021Wb1 extension broke the ability to manage or install  FF add-ons
No,"If master password is enabled with hidden menu bar, tabs are not merged to the title bar [caused by Tab Mix Plus]"
No,"Maxed out CPU, memory leak, and Firefox crash after idle period caused by xmarks"
No,Black rectangle appears on beautyoftheweb.com due to HTML5 Extension for Windows Media Player
No,Firebug menu button can be opened when clicked outside the button area
No,processor usage maxed out on sites with refresh
No,Add-ons are not installed properly
No,Error when opening any new tab / loading content into existing tab [caused by IE Tab 2]
No,Plugin crash when I start the dectection of my configuration
No,Firefox locks up when opening new session while download is active.
No,Dailytech.com site causes mozzila browser to hang
No,faviconize tab addon; the tabs don't collapse when closing a faviconized tab. it leaves an empty space between tabs
No,Icon in tab doesn't change when page changes [caused by IE Tab]
No,java plugin is broken since firefox 3.6.14
No,Java applet does not work the second time in Firefox 3.6.14
No,Addons Installation Problem
No,left clicking on a search box suggestion does not work (Google Toolbar Search)
No,Failed to use 4.0b8 hung on home page google.co.uk
No,I had to use beta 4 because 3.6.16 will not open a window nor allow searching
No,extensions.checkCompatibility has no effect
No,"When opening Firefox Beta 4.0, I get an error."
No,Gets stuck on startup
No,"In the bookmark properties dialogs, the ""cancel"" button doesn't work."
No,"Videobash download, even after uninstall of both toolbar and browser itself, ruins url search capability"
No,Registry installation fails silently with invalid path in Software\Mozilla\Firefox\Extensions
No,Flash videos do not work with NoScript 1.6.4 installed
No,atualização java 6.0.01 e 6.0.02.(não compatível)
No,"Turn off the lights extension doesn't work on Firefox 4, but is marked as compatible"
No,webmail 1.3.3 will not install on Firefox 3.5.4; thus I cannot get Thunderbird to be able to get my hotmail downloaded
No,ScribeFire preferences error dialog when running Firefox
No,thunder failed to execute
No,"Bookmark star does not appear for bookmarked sites opened from URL bar, when using Instant Preview 3"
No,Persistent cookie value with high ASCII character is changed after browser restart
No,I cannot listen to BBC radio on iPlayer.
No,Google Toolbar malfunctioning across multiple tabs
No,The space key  is not recognized every time
No,"NS_ERROR_XPC_SECURITY_MANAGER_VETO appears in ff2.0.0.13/ff3, but not in 2.0.0.12"
No,Error: Components.classes['@mozilla.org/extensions/manager;1'] is undefined
No,cannot install any add ons & few previous add ons don't work
No,Personas interfere with Firebug UI on Windows7
No,latest tab close button missing if more than 14 tabs are opened (scrolling needed)
No,[adbe 2828116] Firefox 4: cursor does not change to hand cursor as expected
No,"Changing window size misplaces App Tabs and produces ""ghost"" App Tabs [caused by Tab Utilities]"
No,Firefox 4 RC2 works incorrect with Bartab extension
No,Small white box on top of firefox button after adding a new button to the toolbar
No,a small box appears in minefield (persistently)
No,Many Firefox Features not working
No,"Sometimes crashes instantly, sometimes after a few seconds (1-30 seconds)."
No,flashplayer still playing video in background (can hear the sound) while leaving from the site where the video was
No,Loading a Java Class fails in an extension (used to work in FF 3.x)
No,The <select> element's <option> disappear randomly whenever I try to scroll through the list
No,@font-face rendering fails
No,Opening certain number or normal tabs makes App Tabs disappear [caused by Strata40]
No,Overwrite-reset each restart of browser.cache.disk.enable and capacity
No,"Google.pl fails to operate for a second search, iff logged into gmail and accessed via Firefox search box"
No,Desktop internet shortcuts open blank new tab.
No,Bookmarks get deleted accidentally due to missing update on the UI
No,"a css media query to load an alternative stylesheet works on Firefox on a PC, on Safari on the Mac but not on my build of Firefox on the Mac"
No,4.0 menu bar crashes after  trying to configure toolbars (Caused by Yahoo Toolbar)